file,category,name,type,direction,description,license
01_Perspective_Channel_Gradient/perspective_channel_001_right_flat.svg,01_Perspective_Channel_Gradient,Perspective channel arrow 001 right flat,gradient_area_arrow,right,浅蓝渐变透视主通道箭头，适合PPT架构页主线/承托通道。,self-made
01_Perspective_Channel_Gradient/perspective_channel_002_right_flat.svg,01_Perspective_Channel_Gradient,Perspective channel arrow 002 right flat,gradient_area_arrow,right,浅蓝渐变透视主通道箭头，适合PPT架构页主线/承托通道。,self-made
01_Perspective_Channel_Gradient/perspective_channel_003_right_flat.svg,01_Perspective_Channel_Gradient,Perspective channel arrow 003 right flat,gradient_area_arrow,right,浅蓝渐变透视主通道箭头，适合PPT架构页主线/承托通道。,self-made
01_Perspective_Channel_Gradient/perspective_channel_004_right_flat.svg,01_Perspective_Channel_Gradient,Perspective channel arrow 004 right flat,gradient_area_arrow,right,浅蓝渐变透视主通道箭头，适合PPT架构页主线/承托通道。,self-made
01_Perspective_Channel_Gradient/perspective_channel_005_right_notch.svg,01_Perspective_Channel_Gradient,Perspective channel arrow 005 right notch,gradient_area_arrow,right,浅蓝渐变透视主通道箭头，适合PPT架构页主线/承托通道。,self-made
01_Perspective_Channel_Gradient/perspective_channel_006_right_notch.svg,01_Perspective_Channel_Gradient,Perspective channel arrow 006 right notch,gradient_area_arrow,right,浅蓝渐变透视主通道箭头，适合PPT架构页主线/承托通道。,self-made
01_Perspective_Channel_Gradient/perspective_channel_007_right_notch.svg,01_Perspective_Channel_Gradient,Perspective channel arrow 007 right notch,gradient_area_arrow,right,浅蓝渐变透视主通道箭头，适合PPT架构页主线/承托通道。,self-made
01_Perspective_Channel_Gradient/perspective_channel_008_right_notch.svg,01_Perspective_Channel_Gradient,Perspective channel arrow 008 right notch,gradient_area_arrow,right,浅蓝渐变透视主通道箭头，适合PPT架构页主线/承托通道。,self-made
01_Perspective_Channel_Gradient/perspective_channel_009_right_chevron.svg,01_Perspective_Channel_Gradient,Perspective channel arrow 009 right chevron,gradient_area_arrow,right,浅蓝渐变透视主通道箭头，适合PPT架构页主线/承托通道。,self-made
01_Perspective_Channel_Gradient/perspective_channel_010_right_chevron.svg,01_Perspective_Channel_Gradient,Perspective channel arrow 010 right chevron,gradient_area_arrow,right,浅蓝渐变透视主通道箭头，适合PPT架构页主线/承托通道。,self-made
01_Perspective_Channel_Gradient/perspective_channel_011_right_chevron.svg,01_Perspective_Channel_Gradient,Perspective channel arrow 011 right chevron,gradient_area_arrow,right,浅蓝渐变透视主通道箭头，适合PPT架构页主线/承托通道。,self-made
01_Perspective_Channel_Gradient/perspective_channel_012_right_chevron.svg,01_Perspective_Channel_Gradient,Perspective channel arrow 012 right chevron,gradient_area_arrow,right,浅蓝渐变透视主通道箭头，适合PPT架构页主线/承托通道。,self-made
01_Perspective_Channel_Gradient/perspective_channel_013_right_slant.svg,01_Perspective_Channel_Gradient,Perspective channel arrow 013 right slant,gradient_area_arrow,right,浅蓝渐变透视主通道箭头，适合PPT架构页主线/承托通道。,self-made
01_Perspective_Channel_Gradient/perspective_channel_014_right_slant.svg,01_Perspective_Channel_Gradient,Perspective channel arrow 014 right slant,gradient_area_arrow,right,浅蓝渐变透视主通道箭头，适合PPT架构页主线/承托通道。,self-made
01_Perspective_Channel_Gradient/perspective_channel_015_right_slant.svg,01_Perspective_Channel_Gradient,Perspective channel arrow 015 right slant,gradient_area_arrow,right,浅蓝渐变透视主通道箭头，适合PPT架构页主线/承托通道。,self-made
01_Perspective_Channel_Gradient/perspective_channel_016_right_slant.svg,01_Perspective_Channel_Gradient,Perspective channel arrow 016 right slant,gradient_area_arrow,right,浅蓝渐变透视主通道箭头，适合PPT架构页主线/承托通道。,self-made
01_Perspective_Channel_Gradient/perspective_channel_017_right_thin.svg,01_Perspective_Channel_Gradient,Perspective channel arrow 017 right thin,gradient_area_arrow,right,浅蓝渐变透视主通道箭头，适合PPT架构页主线/承托通道。,self-made
01_Perspective_Channel_Gradient/perspective_channel_018_right_thin.svg,01_Perspective_Channel_Gradient,Perspective channel arrow 018 right thin,gradient_area_arrow,right,浅蓝渐变透视主通道箭头，适合PPT架构页主线/承托通道。,self-made
01_Perspective_Channel_Gradient/perspective_channel_019_right_thin.svg,01_Perspective_Channel_Gradient,Perspective channel arrow 019 right thin,gradient_area_arrow,right,浅蓝渐变透视主通道箭头，适合PPT架构页主线/承托通道。,self-made
01_Perspective_Channel_Gradient/perspective_channel_020_right_thin.svg,01_Perspective_Channel_Gradient,Perspective channel arrow 020 right thin,gradient_area_arrow,right,浅蓝渐变透视主通道箭头，适合PPT架构页主线/承托通道。,self-made
01_Perspective_Channel_Gradient/perspective_channel_021_left_flat.svg,01_Perspective_Channel_Gradient,Perspective channel arrow 021 left flat,gradient_area_arrow,left,浅蓝渐变透视主通道箭头，适合PPT架构页主线/承托通道。,self-made
01_Perspective_Channel_Gradient/perspective_channel_022_left_flat.svg,01_Perspective_Channel_Gradient,Perspective channel arrow 022 left flat,gradient_area_arrow,left,浅蓝渐变透视主通道箭头，适合PPT架构页主线/承托通道。,self-made
01_Perspective_Channel_Gradient/perspective_channel_023_left_flat.svg,01_Perspective_Channel_Gradient,Perspective channel arrow 023 left flat,gradient_area_arrow,left,浅蓝渐变透视主通道箭头，适合PPT架构页主线/承托通道。,self-made
01_Perspective_Channel_Gradient/perspective_channel_024_left_flat.svg,01_Perspective_Channel_Gradient,Perspective channel arrow 024 left flat,gradient_area_arrow,left,浅蓝渐变透视主通道箭头，适合PPT架构页主线/承托通道。,self-made
01_Perspective_Channel_Gradient/perspective_channel_025_left_notch.svg,01_Perspective_Channel_Gradient,Perspective channel arrow 025 left notch,gradient_area_arrow,left,浅蓝渐变透视主通道箭头，适合PPT架构页主线/承托通道。,self-made
01_Perspective_Channel_Gradient/perspective_channel_026_left_notch.svg,01_Perspective_Channel_Gradient,Perspective channel arrow 026 left notch,gradient_area_arrow,left,浅蓝渐变透视主通道箭头，适合PPT架构页主线/承托通道。,self-made
01_Perspective_Channel_Gradient/perspective_channel_027_left_notch.svg,01_Perspective_Channel_Gradient,Perspective channel arrow 027 left notch,gradient_area_arrow,left,浅蓝渐变透视主通道箭头，适合PPT架构页主线/承托通道。,self-made
01_Perspective_Channel_Gradient/perspective_channel_028_left_notch.svg,01_Perspective_Channel_Gradient,Perspective channel arrow 028 left notch,gradient_area_arrow,left,浅蓝渐变透视主通道箭头，适合PPT架构页主线/承托通道。,self-made
01_Perspective_Channel_Gradient/perspective_channel_029_left_chevron.svg,01_Perspective_Channel_Gradient,Perspective channel arrow 029 left chevron,gradient_area_arrow,left,浅蓝渐变透视主通道箭头，适合PPT架构页主线/承托通道。,self-made
01_Perspective_Channel_Gradient/perspective_channel_030_left_chevron.svg,01_Perspective_Channel_Gradient,Perspective channel arrow 030 left chevron,gradient_area_arrow,left,浅蓝渐变透视主通道箭头，适合PPT架构页主线/承托通道。,self-made
01_Perspective_Channel_Gradient/perspective_channel_031_left_chevron.svg,01_Perspective_Channel_Gradient,Perspective channel arrow 031 left chevron,gradient_area_arrow,left,浅蓝渐变透视主通道箭头，适合PPT架构页主线/承托通道。,self-made
01_Perspective_Channel_Gradient/perspective_channel_032_left_chevron.svg,01_Perspective_Channel_Gradient,Perspective channel arrow 032 left chevron,gradient_area_arrow,left,浅蓝渐变透视主通道箭头，适合PPT架构页主线/承托通道。,self-made
01_Perspective_Channel_Gradient/perspective_channel_033_left_slant.svg,01_Perspective_Channel_Gradient,Perspective channel arrow 033 left slant,gradient_area_arrow,left,浅蓝渐变透视主通道箭头，适合PPT架构页主线/承托通道。,self-made
01_Perspective_Channel_Gradient/perspective_channel_034_left_slant.svg,01_Perspective_Channel_Gradient,Perspective channel arrow 034 left slant,gradient_area_arrow,left,浅蓝渐变透视主通道箭头，适合PPT架构页主线/承托通道。,self-made
01_Perspective_Channel_Gradient/perspective_channel_035_left_slant.svg,01_Perspective_Channel_Gradient,Perspective channel arrow 035 left slant,gradient_area_arrow,left,浅蓝渐变透视主通道箭头，适合PPT架构页主线/承托通道。,self-made
01_Perspective_Channel_Gradient/perspective_channel_036_left_slant.svg,01_Perspective_Channel_Gradient,Perspective channel arrow 036 left slant,gradient_area_arrow,left,浅蓝渐变透视主通道箭头，适合PPT架构页主线/承托通道。,self-made
01_Perspective_Channel_Gradient/perspective_channel_037_left_thin.svg,01_Perspective_Channel_Gradient,Perspective channel arrow 037 left thin,gradient_area_arrow,left,浅蓝渐变透视主通道箭头，适合PPT架构页主线/承托通道。,self-made
01_Perspective_Channel_Gradient/perspective_channel_038_left_thin.svg,01_Perspective_Channel_Gradient,Perspective channel arrow 038 left thin,gradient_area_arrow,left,浅蓝渐变透视主通道箭头，适合PPT架构页主线/承托通道。,self-made
01_Perspective_Channel_Gradient/perspective_channel_039_left_thin.svg,01_Perspective_Channel_Gradient,Perspective channel arrow 039 left thin,gradient_area_arrow,left,浅蓝渐变透视主通道箭头，适合PPT架构页主线/承托通道。,self-made
01_Perspective_Channel_Gradient/perspective_channel_040_left_thin.svg,01_Perspective_Channel_Gradient,Perspective channel arrow 040 left thin,gradient_area_arrow,left,浅蓝渐变透视主通道箭头，适合PPT架构页主线/承托通道。,self-made
01_Perspective_Channel_Gradient/perspective_channel_041_up_flat.svg,01_Perspective_Channel_Gradient,Perspective channel arrow 041 up flat,gradient_area_arrow,up,竖向浅蓝渐变主通道箭头，适合上下贯通或汇报页纵向主线。,self-made
01_Perspective_Channel_Gradient/perspective_channel_042_up_flat.svg,01_Perspective_Channel_Gradient,Perspective channel arrow 042 up flat,gradient_area_arrow,up,竖向浅蓝渐变主通道箭头，适合上下贯通或汇报页纵向主线。,self-made
01_Perspective_Channel_Gradient/perspective_channel_043_up_notch.svg,01_Perspective_Channel_Gradient,Perspective channel arrow 043 up notch,gradient_area_arrow,up,竖向浅蓝渐变主通道箭头，适合上下贯通或汇报页纵向主线。,self-made
01_Perspective_Channel_Gradient/perspective_channel_044_up_notch.svg,01_Perspective_Channel_Gradient,Perspective channel arrow 044 up notch,gradient_area_arrow,up,竖向浅蓝渐变主通道箭头，适合上下贯通或汇报页纵向主线。,self-made
01_Perspective_Channel_Gradient/perspective_channel_045_up_thin.svg,01_Perspective_Channel_Gradient,Perspective channel arrow 045 up thin,gradient_area_arrow,up,竖向浅蓝渐变主通道箭头，适合上下贯通或汇报页纵向主线。,self-made
01_Perspective_Channel_Gradient/perspective_channel_046_up_thin.svg,01_Perspective_Channel_Gradient,Perspective channel arrow 046 up thin,gradient_area_arrow,up,竖向浅蓝渐变主通道箭头，适合上下贯通或汇报页纵向主线。,self-made
01_Perspective_Channel_Gradient/perspective_channel_047_up_chevron.svg,01_Perspective_Channel_Gradient,Perspective channel arrow 047 up chevron,gradient_area_arrow,up,竖向浅蓝渐变主通道箭头，适合上下贯通或汇报页纵向主线。,self-made
01_Perspective_Channel_Gradient/perspective_channel_048_up_chevron.svg,01_Perspective_Channel_Gradient,Perspective channel arrow 048 up chevron,gradient_area_arrow,up,竖向浅蓝渐变主通道箭头，适合上下贯通或汇报页纵向主线。,self-made
01_Perspective_Channel_Gradient/perspective_channel_049_down_flat.svg,01_Perspective_Channel_Gradient,Perspective channel arrow 049 down flat,gradient_area_arrow,down,竖向浅蓝渐变主通道箭头，适合上下贯通或汇报页纵向主线。,self-made
01_Perspective_Channel_Gradient/perspective_channel_050_down_flat.svg,01_Perspective_Channel_Gradient,Perspective channel arrow 050 down flat,gradient_area_arrow,down,竖向浅蓝渐变主通道箭头，适合上下贯通或汇报页纵向主线。,self-made
01_Perspective_Channel_Gradient/perspective_channel_051_down_notch.svg,01_Perspective_Channel_Gradient,Perspective channel arrow 051 down notch,gradient_area_arrow,down,竖向浅蓝渐变主通道箭头，适合上下贯通或汇报页纵向主线。,self-made
01_Perspective_Channel_Gradient/perspective_channel_052_down_notch.svg,01_Perspective_Channel_Gradient,Perspective channel arrow 052 down notch,gradient_area_arrow,down,竖向浅蓝渐变主通道箭头，适合上下贯通或汇报页纵向主线。,self-made
01_Perspective_Channel_Gradient/perspective_channel_053_down_thin.svg,01_Perspective_Channel_Gradient,Perspective channel arrow 053 down thin,gradient_area_arrow,down,竖向浅蓝渐变主通道箭头，适合上下贯通或汇报页纵向主线。,self-made
01_Perspective_Channel_Gradient/perspective_channel_054_down_thin.svg,01_Perspective_Channel_Gradient,Perspective channel arrow 054 down thin,gradient_area_arrow,down,竖向浅蓝渐变主通道箭头，适合上下贯通或汇报页纵向主线。,self-made
01_Perspective_Channel_Gradient/perspective_channel_055_down_chevron.svg,01_Perspective_Channel_Gradient,Perspective channel arrow 055 down chevron,gradient_area_arrow,down,竖向浅蓝渐变主通道箭头，适合上下贯通或汇报页纵向主线。,self-made
01_Perspective_Channel_Gradient/perspective_channel_056_down_chevron.svg,01_Perspective_Channel_Gradient,Perspective channel arrow 056 down chevron,gradient_area_arrow,down,竖向浅蓝渐变主通道箭头，适合上下贯通或汇报页纵向主线。,self-made
02_Layered_Ribbon_Gradient/layered_ribbon_001_ribbon_right.svg,02_Layered_Ribbon_Gradient,Layered ribbon arrow 001 ribbon right,layered_ribbon,right,分层丝带/承托型箭头，可用于平台承载、任务传递、阶段过渡。,self-made
02_Layered_Ribbon_Gradient/layered_ribbon_002_ribbon_right.svg,02_Layered_Ribbon_Gradient,Layered ribbon arrow 002 ribbon right,layered_ribbon,right,分层丝带/承托型箭头，可用于平台承载、任务传递、阶段过渡。,self-made
02_Layered_Ribbon_Gradient/layered_ribbon_003_ribbon_right.svg,02_Layered_Ribbon_Gradient,Layered ribbon arrow 003 ribbon right,layered_ribbon,right,分层丝带/承托型箭头，可用于平台承载、任务传递、阶段过渡。,self-made
02_Layered_Ribbon_Gradient/layered_ribbon_004_ribbon_right.svg,02_Layered_Ribbon_Gradient,Layered ribbon arrow 004 ribbon right,layered_ribbon,right,分层丝带/承托型箭头，可用于平台承载、任务传递、阶段过渡。,self-made
02_Layered_Ribbon_Gradient/layered_ribbon_005_ribbon_right.svg,02_Layered_Ribbon_Gradient,Layered ribbon arrow 005 ribbon right,layered_ribbon,right,分层丝带/承托型箭头，可用于平台承载、任务传递、阶段过渡。,self-made
02_Layered_Ribbon_Gradient/layered_ribbon_006_ribbon_right.svg,02_Layered_Ribbon_Gradient,Layered ribbon arrow 006 ribbon right,layered_ribbon,right,分层丝带/承托型箭头，可用于平台承载、任务传递、阶段过渡。,self-made
02_Layered_Ribbon_Gradient/layered_ribbon_007_double_ribbon_right.svg,02_Layered_Ribbon_Gradient,Layered ribbon arrow 007 double_ribbon right,layered_ribbon,right,分层丝带/承托型箭头，可用于平台承载、任务传递、阶段过渡。,self-made
02_Layered_Ribbon_Gradient/layered_ribbon_008_double_ribbon_right.svg,02_Layered_Ribbon_Gradient,Layered ribbon arrow 008 double_ribbon right,layered_ribbon,right,分层丝带/承托型箭头，可用于平台承载、任务传递、阶段过渡。,self-made
02_Layered_Ribbon_Gradient/layered_ribbon_009_double_ribbon_right.svg,02_Layered_Ribbon_Gradient,Layered ribbon arrow 009 double_ribbon right,layered_ribbon,right,分层丝带/承托型箭头，可用于平台承载、任务传递、阶段过渡。,self-made
02_Layered_Ribbon_Gradient/layered_ribbon_010_double_ribbon_right.svg,02_Layered_Ribbon_Gradient,Layered ribbon arrow 010 double_ribbon right,layered_ribbon,right,分层丝带/承托型箭头，可用于平台承载、任务传递、阶段过渡。,self-made
02_Layered_Ribbon_Gradient/layered_ribbon_011_double_ribbon_right.svg,02_Layered_Ribbon_Gradient,Layered ribbon arrow 011 double_ribbon right,layered_ribbon,right,分层丝带/承托型箭头，可用于平台承载、任务传递、阶段过渡。,self-made
02_Layered_Ribbon_Gradient/layered_ribbon_012_double_ribbon_right.svg,02_Layered_Ribbon_Gradient,Layered ribbon arrow 012 double_ribbon right,layered_ribbon,right,分层丝带/承托型箭头，可用于平台承载、任务传递、阶段过渡。,self-made
02_Layered_Ribbon_Gradient/layered_ribbon_013_platform_peak_right.svg,02_Layered_Ribbon_Gradient,Layered ribbon arrow 013 platform_peak right,layered_ribbon,right,分层丝带/承托型箭头，可用于平台承载、任务传递、阶段过渡。,self-made
02_Layered_Ribbon_Gradient/layered_ribbon_014_platform_peak_right.svg,02_Layered_Ribbon_Gradient,Layered ribbon arrow 014 platform_peak right,layered_ribbon,right,分层丝带/承托型箭头，可用于平台承载、任务传递、阶段过渡。,self-made
02_Layered_Ribbon_Gradient/layered_ribbon_015_platform_peak_right.svg,02_Layered_Ribbon_Gradient,Layered ribbon arrow 015 platform_peak right,layered_ribbon,right,分层丝带/承托型箭头，可用于平台承载、任务传递、阶段过渡。,self-made
02_Layered_Ribbon_Gradient/layered_ribbon_016_platform_peak_right.svg,02_Layered_Ribbon_Gradient,Layered ribbon arrow 016 platform_peak right,layered_ribbon,right,分层丝带/承托型箭头，可用于平台承载、任务传递、阶段过渡。,self-made
02_Layered_Ribbon_Gradient/layered_ribbon_017_platform_peak_right.svg,02_Layered_Ribbon_Gradient,Layered ribbon arrow 017 platform_peak right,layered_ribbon,right,分层丝带/承托型箭头，可用于平台承载、任务传递、阶段过渡。,self-made
02_Layered_Ribbon_Gradient/layered_ribbon_018_platform_peak_right.svg,02_Layered_Ribbon_Gradient,Layered ribbon arrow 018 platform_peak right,layered_ribbon,right,分层丝带/承托型箭头，可用于平台承载、任务传递、阶段过渡。,self-made
02_Layered_Ribbon_Gradient/layered_ribbon_019_under_bridge_right.svg,02_Layered_Ribbon_Gradient,Layered ribbon arrow 019 under_bridge right,layered_ribbon,right,分层丝带/承托型箭头，可用于平台承载、任务传递、阶段过渡。,self-made
02_Layered_Ribbon_Gradient/layered_ribbon_020_under_bridge_right.svg,02_Layered_Ribbon_Gradient,Layered ribbon arrow 020 under_bridge right,layered_ribbon,right,分层丝带/承托型箭头，可用于平台承载、任务传递、阶段过渡。,self-made
02_Layered_Ribbon_Gradient/layered_ribbon_021_under_bridge_right.svg,02_Layered_Ribbon_Gradient,Layered ribbon arrow 021 under_bridge right,layered_ribbon,right,分层丝带/承托型箭头，可用于平台承载、任务传递、阶段过渡。,self-made
02_Layered_Ribbon_Gradient/layered_ribbon_022_under_bridge_right.svg,02_Layered_Ribbon_Gradient,Layered ribbon arrow 022 under_bridge right,layered_ribbon,right,分层丝带/承托型箭头，可用于平台承载、任务传递、阶段过渡。,self-made
02_Layered_Ribbon_Gradient/layered_ribbon_023_under_bridge_right.svg,02_Layered_Ribbon_Gradient,Layered ribbon arrow 023 under_bridge right,layered_ribbon,right,分层丝带/承托型箭头，可用于平台承载、任务传递、阶段过渡。,self-made
02_Layered_Ribbon_Gradient/layered_ribbon_024_under_bridge_right.svg,02_Layered_Ribbon_Gradient,Layered ribbon arrow 024 under_bridge right,layered_ribbon,right,分层丝带/承托型箭头，可用于平台承载、任务传递、阶段过渡。,self-made
02_Layered_Ribbon_Gradient/layered_ribbon_025_split_band_right.svg,02_Layered_Ribbon_Gradient,Layered ribbon arrow 025 split_band right,layered_ribbon,right,分层丝带/承托型箭头，可用于平台承载、任务传递、阶段过渡。,self-made
02_Layered_Ribbon_Gradient/layered_ribbon_026_split_band_right.svg,02_Layered_Ribbon_Gradient,Layered ribbon arrow 026 split_band right,layered_ribbon,right,分层丝带/承托型箭头，可用于平台承载、任务传递、阶段过渡。,self-made
02_Layered_Ribbon_Gradient/layered_ribbon_027_split_band_right.svg,02_Layered_Ribbon_Gradient,Layered ribbon arrow 027 split_band right,layered_ribbon,right,分层丝带/承托型箭头，可用于平台承载、任务传递、阶段过渡。,self-made
02_Layered_Ribbon_Gradient/layered_ribbon_028_split_band_right.svg,02_Layered_Ribbon_Gradient,Layered ribbon arrow 028 split_band right,layered_ribbon,right,分层丝带/承托型箭头，可用于平台承载、任务传递、阶段过渡。,self-made
02_Layered_Ribbon_Gradient/layered_ribbon_029_split_band_right.svg,02_Layered_Ribbon_Gradient,Layered ribbon arrow 029 split_band right,layered_ribbon,right,分层丝带/承托型箭头，可用于平台承载、任务传递、阶段过渡。,self-made
02_Layered_Ribbon_Gradient/layered_ribbon_030_split_band_right.svg,02_Layered_Ribbon_Gradient,Layered ribbon arrow 030 split_band right,layered_ribbon,right,分层丝带/承托型箭头，可用于平台承载、任务传递、阶段过渡。,self-made
02_Layered_Ribbon_Gradient/layered_ribbon_031_cap_arrow_right.svg,02_Layered_Ribbon_Gradient,Layered ribbon arrow 031 cap_arrow right,layered_ribbon,right,分层丝带/承托型箭头，可用于平台承载、任务传递、阶段过渡。,self-made
02_Layered_Ribbon_Gradient/layered_ribbon_032_cap_arrow_right.svg,02_Layered_Ribbon_Gradient,Layered ribbon arrow 032 cap_arrow right,layered_ribbon,right,分层丝带/承托型箭头，可用于平台承载、任务传递、阶段过渡。,self-made
02_Layered_Ribbon_Gradient/layered_ribbon_033_cap_arrow_right.svg,02_Layered_Ribbon_Gradient,Layered ribbon arrow 033 cap_arrow right,layered_ribbon,right,分层丝带/承托型箭头，可用于平台承载、任务传递、阶段过渡。,self-made
02_Layered_Ribbon_Gradient/layered_ribbon_034_cap_arrow_right.svg,02_Layered_Ribbon_Gradient,Layered ribbon arrow 034 cap_arrow right,layered_ribbon,right,分层丝带/承托型箭头，可用于平台承载、任务传递、阶段过渡。,self-made
02_Layered_Ribbon_Gradient/layered_ribbon_035_cap_arrow_right.svg,02_Layered_Ribbon_Gradient,Layered ribbon arrow 035 cap_arrow right,layered_ribbon,right,分层丝带/承托型箭头，可用于平台承载、任务传递、阶段过渡。,self-made
02_Layered_Ribbon_Gradient/layered_ribbon_036_cap_arrow_right.svg,02_Layered_Ribbon_Gradient,Layered ribbon arrow 036 cap_arrow right,layered_ribbon,right,分层丝带/承托型箭头，可用于平台承载、任务传递、阶段过渡。,self-made
02_Layered_Ribbon_Gradient/layered_ribbon_037_ribbon_left.svg,02_Layered_Ribbon_Gradient,Layered ribbon arrow 037 ribbon left,layered_ribbon,left,分层丝带/承托型箭头，可用于平台承载、任务传递、阶段过渡。,self-made
02_Layered_Ribbon_Gradient/layered_ribbon_038_ribbon_left.svg,02_Layered_Ribbon_Gradient,Layered ribbon arrow 038 ribbon left,layered_ribbon,left,分层丝带/承托型箭头，可用于平台承载、任务传递、阶段过渡。,self-made
02_Layered_Ribbon_Gradient/layered_ribbon_039_ribbon_left.svg,02_Layered_Ribbon_Gradient,Layered ribbon arrow 039 ribbon left,layered_ribbon,left,分层丝带/承托型箭头，可用于平台承载、任务传递、阶段过渡。,self-made
02_Layered_Ribbon_Gradient/layered_ribbon_040_ribbon_left.svg,02_Layered_Ribbon_Gradient,Layered ribbon arrow 040 ribbon left,layered_ribbon,left,分层丝带/承托型箭头，可用于平台承载、任务传递、阶段过渡。,self-made
02_Layered_Ribbon_Gradient/layered_ribbon_041_ribbon_left.svg,02_Layered_Ribbon_Gradient,Layered ribbon arrow 041 ribbon left,layered_ribbon,left,分层丝带/承托型箭头，可用于平台承载、任务传递、阶段过渡。,self-made
02_Layered_Ribbon_Gradient/layered_ribbon_042_ribbon_left.svg,02_Layered_Ribbon_Gradient,Layered ribbon arrow 042 ribbon left,layered_ribbon,left,分层丝带/承托型箭头，可用于平台承载、任务传递、阶段过渡。,self-made
02_Layered_Ribbon_Gradient/layered_ribbon_043_double_ribbon_left.svg,02_Layered_Ribbon_Gradient,Layered ribbon arrow 043 double_ribbon left,layered_ribbon,left,分层丝带/承托型箭头，可用于平台承载、任务传递、阶段过渡。,self-made
02_Layered_Ribbon_Gradient/layered_ribbon_044_double_ribbon_left.svg,02_Layered_Ribbon_Gradient,Layered ribbon arrow 044 double_ribbon left,layered_ribbon,left,分层丝带/承托型箭头，可用于平台承载、任务传递、阶段过渡。,self-made
02_Layered_Ribbon_Gradient/layered_ribbon_045_double_ribbon_left.svg,02_Layered_Ribbon_Gradient,Layered ribbon arrow 045 double_ribbon left,layered_ribbon,left,分层丝带/承托型箭头，可用于平台承载、任务传递、阶段过渡。,self-made
02_Layered_Ribbon_Gradient/layered_ribbon_046_double_ribbon_left.svg,02_Layered_Ribbon_Gradient,Layered ribbon arrow 046 double_ribbon left,layered_ribbon,left,分层丝带/承托型箭头，可用于平台承载、任务传递、阶段过渡。,self-made
02_Layered_Ribbon_Gradient/layered_ribbon_047_double_ribbon_left.svg,02_Layered_Ribbon_Gradient,Layered ribbon arrow 047 double_ribbon left,layered_ribbon,left,分层丝带/承托型箭头，可用于平台承载、任务传递、阶段过渡。,self-made
02_Layered_Ribbon_Gradient/layered_ribbon_048_double_ribbon_left.svg,02_Layered_Ribbon_Gradient,Layered ribbon arrow 048 double_ribbon left,layered_ribbon,left,分层丝带/承托型箭头，可用于平台承载、任务传递、阶段过渡。,self-made
02_Layered_Ribbon_Gradient/layered_ribbon_049_platform_peak_left.svg,02_Layered_Ribbon_Gradient,Layered ribbon arrow 049 platform_peak left,layered_ribbon,left,分层丝带/承托型箭头，可用于平台承载、任务传递、阶段过渡。,self-made
02_Layered_Ribbon_Gradient/layered_ribbon_050_platform_peak_left.svg,02_Layered_Ribbon_Gradient,Layered ribbon arrow 050 platform_peak left,layered_ribbon,left,分层丝带/承托型箭头，可用于平台承载、任务传递、阶段过渡。,self-made
02_Layered_Ribbon_Gradient/layered_ribbon_051_platform_peak_left.svg,02_Layered_Ribbon_Gradient,Layered ribbon arrow 051 platform_peak left,layered_ribbon,left,分层丝带/承托型箭头，可用于平台承载、任务传递、阶段过渡。,self-made
02_Layered_Ribbon_Gradient/layered_ribbon_052_platform_peak_left.svg,02_Layered_Ribbon_Gradient,Layered ribbon arrow 052 platform_peak left,layered_ribbon,left,分层丝带/承托型箭头，可用于平台承载、任务传递、阶段过渡。,self-made
02_Layered_Ribbon_Gradient/layered_ribbon_053_platform_peak_left.svg,02_Layered_Ribbon_Gradient,Layered ribbon arrow 053 platform_peak left,layered_ribbon,left,分层丝带/承托型箭头，可用于平台承载、任务传递、阶段过渡。,self-made
02_Layered_Ribbon_Gradient/layered_ribbon_054_platform_peak_left.svg,02_Layered_Ribbon_Gradient,Layered ribbon arrow 054 platform_peak left,layered_ribbon,left,分层丝带/承托型箭头，可用于平台承载、任务传递、阶段过渡。,self-made
02_Layered_Ribbon_Gradient/layered_ribbon_055_under_bridge_left.svg,02_Layered_Ribbon_Gradient,Layered ribbon arrow 055 under_bridge left,layered_ribbon,left,分层丝带/承托型箭头，可用于平台承载、任务传递、阶段过渡。,self-made
02_Layered_Ribbon_Gradient/layered_ribbon_056_under_bridge_left.svg,02_Layered_Ribbon_Gradient,Layered ribbon arrow 056 under_bridge left,layered_ribbon,left,分层丝带/承托型箭头，可用于平台承载、任务传递、阶段过渡。,self-made
02_Layered_Ribbon_Gradient/layered_ribbon_057_under_bridge_left.svg,02_Layered_Ribbon_Gradient,Layered ribbon arrow 057 under_bridge left,layered_ribbon,left,分层丝带/承托型箭头，可用于平台承载、任务传递、阶段过渡。,self-made
02_Layered_Ribbon_Gradient/layered_ribbon_058_under_bridge_left.svg,02_Layered_Ribbon_Gradient,Layered ribbon arrow 058 under_bridge left,layered_ribbon,left,分层丝带/承托型箭头，可用于平台承载、任务传递、阶段过渡。,self-made
02_Layered_Ribbon_Gradient/layered_ribbon_059_under_bridge_left.svg,02_Layered_Ribbon_Gradient,Layered ribbon arrow 059 under_bridge left,layered_ribbon,left,分层丝带/承托型箭头，可用于平台承载、任务传递、阶段过渡。,self-made
02_Layered_Ribbon_Gradient/layered_ribbon_060_under_bridge_left.svg,02_Layered_Ribbon_Gradient,Layered ribbon arrow 060 under_bridge left,layered_ribbon,left,分层丝带/承托型箭头，可用于平台承载、任务传递、阶段过渡。,self-made
02_Layered_Ribbon_Gradient/layered_ribbon_061_split_band_left.svg,02_Layered_Ribbon_Gradient,Layered ribbon arrow 061 split_band left,layered_ribbon,left,分层丝带/承托型箭头，可用于平台承载、任务传递、阶段过渡。,self-made
02_Layered_Ribbon_Gradient/layered_ribbon_062_split_band_left.svg,02_Layered_Ribbon_Gradient,Layered ribbon arrow 062 split_band left,layered_ribbon,left,分层丝带/承托型箭头，可用于平台承载、任务传递、阶段过渡。,self-made
02_Layered_Ribbon_Gradient/layered_ribbon_063_split_band_left.svg,02_Layered_Ribbon_Gradient,Layered ribbon arrow 063 split_band left,layered_ribbon,left,分层丝带/承托型箭头，可用于平台承载、任务传递、阶段过渡。,self-made
02_Layered_Ribbon_Gradient/layered_ribbon_064_split_band_left.svg,02_Layered_Ribbon_Gradient,Layered ribbon arrow 064 split_band left,layered_ribbon,left,分层丝带/承托型箭头，可用于平台承载、任务传递、阶段过渡。,self-made
02_Layered_Ribbon_Gradient/layered_ribbon_065_split_band_left.svg,02_Layered_Ribbon_Gradient,Layered ribbon arrow 065 split_band left,layered_ribbon,left,分层丝带/承托型箭头，可用于平台承载、任务传递、阶段过渡。,self-made
02_Layered_Ribbon_Gradient/layered_ribbon_066_split_band_left.svg,02_Layered_Ribbon_Gradient,Layered ribbon arrow 066 split_band left,layered_ribbon,left,分层丝带/承托型箭头，可用于平台承载、任务传递、阶段过渡。,self-made
02_Layered_Ribbon_Gradient/layered_ribbon_067_cap_arrow_left.svg,02_Layered_Ribbon_Gradient,Layered ribbon arrow 067 cap_arrow left,layered_ribbon,left,分层丝带/承托型箭头，可用于平台承载、任务传递、阶段过渡。,self-made
02_Layered_Ribbon_Gradient/layered_ribbon_068_cap_arrow_left.svg,02_Layered_Ribbon_Gradient,Layered ribbon arrow 068 cap_arrow left,layered_ribbon,left,分层丝带/承托型箭头，可用于平台承载、任务传递、阶段过渡。,self-made
02_Layered_Ribbon_Gradient/layered_ribbon_069_cap_arrow_left.svg,02_Layered_Ribbon_Gradient,Layered ribbon arrow 069 cap_arrow left,layered_ribbon,left,分层丝带/承托型箭头，可用于平台承载、任务传递、阶段过渡。,self-made
02_Layered_Ribbon_Gradient/layered_ribbon_070_cap_arrow_left.svg,02_Layered_Ribbon_Gradient,Layered ribbon arrow 070 cap_arrow left,layered_ribbon,left,分层丝带/承托型箭头，可用于平台承载、任务传递、阶段过渡。,self-made
02_Layered_Ribbon_Gradient/layered_ribbon_071_cap_arrow_left.svg,02_Layered_Ribbon_Gradient,Layered ribbon arrow 071 cap_arrow left,layered_ribbon,left,分层丝带/承托型箭头，可用于平台承载、任务传递、阶段过渡。,self-made
02_Layered_Ribbon_Gradient/layered_ribbon_072_cap_arrow_left.svg,02_Layered_Ribbon_Gradient,Layered ribbon arrow 072 cap_arrow left,layered_ribbon,left,分层丝带/承托型箭头，可用于平台承载、任务传递、阶段过渡。,self-made
03_Chevron_Process_Modules/chevron_process_001_2seg_gap_64.svg,03_Chevron_Process_Modules,Chevron process 001 2 segments gap,chevron_process,right,分段流程箭头，适合流程推进、阶段串联、任务链条。,self-made
03_Chevron_Process_Modules/chevron_process_002_2seg_gap_82.svg,03_Chevron_Process_Modules,Chevron process 002 2 segments gap,chevron_process,right,分段流程箭头，适合流程推进、阶段串联、任务链条。,self-made
03_Chevron_Process_Modules/chevron_process_003_2seg_connected_64.svg,03_Chevron_Process_Modules,Chevron process 003 2 segments connected,chevron_process,right,分段流程箭头，适合流程推进、阶段串联、任务链条。,self-made
03_Chevron_Process_Modules/chevron_process_004_2seg_connected_82.svg,03_Chevron_Process_Modules,Chevron process 004 2 segments connected,chevron_process,right,分段流程箭头，适合流程推进、阶段串联、任务链条。,self-made
03_Chevron_Process_Modules/chevron_process_005_2seg_loose_64.svg,03_Chevron_Process_Modules,Chevron process 005 2 segments loose,chevron_process,right,分段流程箭头，适合流程推进、阶段串联、任务链条。,self-made
03_Chevron_Process_Modules/chevron_process_006_2seg_loose_82.svg,03_Chevron_Process_Modules,Chevron process 006 2 segments loose,chevron_process,right,分段流程箭头，适合流程推进、阶段串联、任务链条。,self-made
03_Chevron_Process_Modules/chevron_process_007_2seg_stepped_64.svg,03_Chevron_Process_Modules,Chevron process 007 2 segments stepped,chevron_process,right,分段流程箭头，适合流程推进、阶段串联、任务链条。,self-made
03_Chevron_Process_Modules/chevron_process_008_2seg_stepped_82.svg,03_Chevron_Process_Modules,Chevron process 008 2 segments stepped,chevron_process,right,分段流程箭头，适合流程推进、阶段串联、任务链条。,self-made
03_Chevron_Process_Modules/chevron_process_009_2seg_block_first_64.svg,03_Chevron_Process_Modules,Chevron process 009 2 segments block_first,chevron_process,right,分段流程箭头，适合流程推进、阶段串联、任务链条。,self-made
03_Chevron_Process_Modules/chevron_process_010_2seg_block_first_82.svg,03_Chevron_Process_Modules,Chevron process 010 2 segments block_first,chevron_process,right,分段流程箭头，适合流程推进、阶段串联、任务链条。,self-made
03_Chevron_Process_Modules/chevron_process_011_2seg_outline_64.svg,03_Chevron_Process_Modules,Chevron process 011 2 segments outline,chevron_process,right,分段流程箭头，适合流程推进、阶段串联、任务链条。,self-made
03_Chevron_Process_Modules/chevron_process_012_2seg_outline_82.svg,03_Chevron_Process_Modules,Chevron process 012 2 segments outline,chevron_process,right,分段流程箭头，适合流程推进、阶段串联、任务链条。,self-made
03_Chevron_Process_Modules/chevron_process_013_3seg_gap_64.svg,03_Chevron_Process_Modules,Chevron process 013 3 segments gap,chevron_process,right,分段流程箭头，适合流程推进、阶段串联、任务链条。,self-made
03_Chevron_Process_Modules/chevron_process_014_3seg_gap_82.svg,03_Chevron_Process_Modules,Chevron process 014 3 segments gap,chevron_process,right,分段流程箭头，适合流程推进、阶段串联、任务链条。,self-made
03_Chevron_Process_Modules/chevron_process_015_3seg_connected_64.svg,03_Chevron_Process_Modules,Chevron process 015 3 segments connected,chevron_process,right,分段流程箭头，适合流程推进、阶段串联、任务链条。,self-made
03_Chevron_Process_Modules/chevron_process_016_3seg_connected_82.svg,03_Chevron_Process_Modules,Chevron process 016 3 segments connected,chevron_process,right,分段流程箭头，适合流程推进、阶段串联、任务链条。,self-made
03_Chevron_Process_Modules/chevron_process_017_3seg_loose_64.svg,03_Chevron_Process_Modules,Chevron process 017 3 segments loose,chevron_process,right,分段流程箭头，适合流程推进、阶段串联、任务链条。,self-made
03_Chevron_Process_Modules/chevron_process_018_3seg_loose_82.svg,03_Chevron_Process_Modules,Chevron process 018 3 segments loose,chevron_process,right,分段流程箭头，适合流程推进、阶段串联、任务链条。,self-made
03_Chevron_Process_Modules/chevron_process_019_3seg_stepped_64.svg,03_Chevron_Process_Modules,Chevron process 019 3 segments stepped,chevron_process,right,分段流程箭头，适合流程推进、阶段串联、任务链条。,self-made
03_Chevron_Process_Modules/chevron_process_020_3seg_stepped_82.svg,03_Chevron_Process_Modules,Chevron process 020 3 segments stepped,chevron_process,right,分段流程箭头，适合流程推进、阶段串联、任务链条。,self-made
03_Chevron_Process_Modules/chevron_process_021_3seg_block_first_64.svg,03_Chevron_Process_Modules,Chevron process 021 3 segments block_first,chevron_process,right,分段流程箭头，适合流程推进、阶段串联、任务链条。,self-made
03_Chevron_Process_Modules/chevron_process_022_3seg_block_first_82.svg,03_Chevron_Process_Modules,Chevron process 022 3 segments block_first,chevron_process,right,分段流程箭头，适合流程推进、阶段串联、任务链条。,self-made
03_Chevron_Process_Modules/chevron_process_023_3seg_outline_64.svg,03_Chevron_Process_Modules,Chevron process 023 3 segments outline,chevron_process,right,分段流程箭头，适合流程推进、阶段串联、任务链条。,self-made
03_Chevron_Process_Modules/chevron_process_024_3seg_outline_82.svg,03_Chevron_Process_Modules,Chevron process 024 3 segments outline,chevron_process,right,分段流程箭头，适合流程推进、阶段串联、任务链条。,self-made
03_Chevron_Process_Modules/chevron_process_025_4seg_gap_64.svg,03_Chevron_Process_Modules,Chevron process 025 4 segments gap,chevron_process,right,分段流程箭头，适合流程推进、阶段串联、任务链条。,self-made
03_Chevron_Process_Modules/chevron_process_026_4seg_gap_82.svg,03_Chevron_Process_Modules,Chevron process 026 4 segments gap,chevron_process,right,分段流程箭头，适合流程推进、阶段串联、任务链条。,self-made
03_Chevron_Process_Modules/chevron_process_027_4seg_connected_64.svg,03_Chevron_Process_Modules,Chevron process 027 4 segments connected,chevron_process,right,分段流程箭头，适合流程推进、阶段串联、任务链条。,self-made
03_Chevron_Process_Modules/chevron_process_028_4seg_connected_82.svg,03_Chevron_Process_Modules,Chevron process 028 4 segments connected,chevron_process,right,分段流程箭头，适合流程推进、阶段串联、任务链条。,self-made
03_Chevron_Process_Modules/chevron_process_029_4seg_loose_64.svg,03_Chevron_Process_Modules,Chevron process 029 4 segments loose,chevron_process,right,分段流程箭头，适合流程推进、阶段串联、任务链条。,self-made
03_Chevron_Process_Modules/chevron_process_030_4seg_loose_82.svg,03_Chevron_Process_Modules,Chevron process 030 4 segments loose,chevron_process,right,分段流程箭头，适合流程推进、阶段串联、任务链条。,self-made
03_Chevron_Process_Modules/chevron_process_031_4seg_stepped_64.svg,03_Chevron_Process_Modules,Chevron process 031 4 segments stepped,chevron_process,right,分段流程箭头，适合流程推进、阶段串联、任务链条。,self-made
03_Chevron_Process_Modules/chevron_process_032_4seg_stepped_82.svg,03_Chevron_Process_Modules,Chevron process 032 4 segments stepped,chevron_process,right,分段流程箭头，适合流程推进、阶段串联、任务链条。,self-made
03_Chevron_Process_Modules/chevron_process_033_4seg_block_first_64.svg,03_Chevron_Process_Modules,Chevron process 033 4 segments block_first,chevron_process,right,分段流程箭头，适合流程推进、阶段串联、任务链条。,self-made
03_Chevron_Process_Modules/chevron_process_034_4seg_block_first_82.svg,03_Chevron_Process_Modules,Chevron process 034 4 segments block_first,chevron_process,right,分段流程箭头，适合流程推进、阶段串联、任务链条。,self-made
03_Chevron_Process_Modules/chevron_process_035_4seg_outline_64.svg,03_Chevron_Process_Modules,Chevron process 035 4 segments outline,chevron_process,right,分段流程箭头，适合流程推进、阶段串联、任务链条。,self-made
03_Chevron_Process_Modules/chevron_process_036_4seg_outline_82.svg,03_Chevron_Process_Modules,Chevron process 036 4 segments outline,chevron_process,right,分段流程箭头，适合流程推进、阶段串联、任务链条。,self-made
03_Chevron_Process_Modules/chevron_process_037_5seg_gap_64.svg,03_Chevron_Process_Modules,Chevron process 037 5 segments gap,chevron_process,right,分段流程箭头，适合流程推进、阶段串联、任务链条。,self-made
03_Chevron_Process_Modules/chevron_process_038_5seg_gap_82.svg,03_Chevron_Process_Modules,Chevron process 038 5 segments gap,chevron_process,right,分段流程箭头，适合流程推进、阶段串联、任务链条。,self-made
03_Chevron_Process_Modules/chevron_process_039_5seg_connected_64.svg,03_Chevron_Process_Modules,Chevron process 039 5 segments connected,chevron_process,right,分段流程箭头，适合流程推进、阶段串联、任务链条。,self-made
03_Chevron_Process_Modules/chevron_process_040_5seg_connected_82.svg,03_Chevron_Process_Modules,Chevron process 040 5 segments connected,chevron_process,right,分段流程箭头，适合流程推进、阶段串联、任务链条。,self-made
03_Chevron_Process_Modules/chevron_process_041_5seg_loose_64.svg,03_Chevron_Process_Modules,Chevron process 041 5 segments loose,chevron_process,right,分段流程箭头，适合流程推进、阶段串联、任务链条。,self-made
03_Chevron_Process_Modules/chevron_process_042_5seg_loose_82.svg,03_Chevron_Process_Modules,Chevron process 042 5 segments loose,chevron_process,right,分段流程箭头，适合流程推进、阶段串联、任务链条。,self-made
03_Chevron_Process_Modules/chevron_process_043_5seg_stepped_64.svg,03_Chevron_Process_Modules,Chevron process 043 5 segments stepped,chevron_process,right,分段流程箭头，适合流程推进、阶段串联、任务链条。,self-made
03_Chevron_Process_Modules/chevron_process_044_5seg_stepped_82.svg,03_Chevron_Process_Modules,Chevron process 044 5 segments stepped,chevron_process,right,分段流程箭头，适合流程推进、阶段串联、任务链条。,self-made
03_Chevron_Process_Modules/chevron_process_045_5seg_block_first_64.svg,03_Chevron_Process_Modules,Chevron process 045 5 segments block_first,chevron_process,right,分段流程箭头，适合流程推进、阶段串联、任务链条。,self-made
03_Chevron_Process_Modules/chevron_process_046_5seg_block_first_82.svg,03_Chevron_Process_Modules,Chevron process 046 5 segments block_first,chevron_process,right,分段流程箭头，适合流程推进、阶段串联、任务链条。,self-made
03_Chevron_Process_Modules/chevron_process_047_5seg_outline_64.svg,03_Chevron_Process_Modules,Chevron process 047 5 segments outline,chevron_process,right,分段流程箭头，适合流程推进、阶段串联、任务链条。,self-made
03_Chevron_Process_Modules/chevron_process_048_5seg_outline_82.svg,03_Chevron_Process_Modules,Chevron process 048 5 segments outline,chevron_process,right,分段流程箭头，适合流程推进、阶段串联、任务链条。,self-made
03_Chevron_Process_Modules/chevron_process_049_6seg_gap_64.svg,03_Chevron_Process_Modules,Chevron process 049 6 segments gap,chevron_process,right,分段流程箭头，适合流程推进、阶段串联、任务链条。,self-made
03_Chevron_Process_Modules/chevron_process_050_6seg_gap_82.svg,03_Chevron_Process_Modules,Chevron process 050 6 segments gap,chevron_process,right,分段流程箭头，适合流程推进、阶段串联、任务链条。,self-made
03_Chevron_Process_Modules/chevron_process_051_6seg_connected_64.svg,03_Chevron_Process_Modules,Chevron process 051 6 segments connected,chevron_process,right,分段流程箭头，适合流程推进、阶段串联、任务链条。,self-made
03_Chevron_Process_Modules/chevron_process_052_6seg_connected_82.svg,03_Chevron_Process_Modules,Chevron process 052 6 segments connected,chevron_process,right,分段流程箭头，适合流程推进、阶段串联、任务链条。,self-made
03_Chevron_Process_Modules/chevron_process_053_6seg_loose_64.svg,03_Chevron_Process_Modules,Chevron process 053 6 segments loose,chevron_process,right,分段流程箭头，适合流程推进、阶段串联、任务链条。,self-made
03_Chevron_Process_Modules/chevron_process_054_6seg_loose_82.svg,03_Chevron_Process_Modules,Chevron process 054 6 segments loose,chevron_process,right,分段流程箭头，适合流程推进、阶段串联、任务链条。,self-made
03_Chevron_Process_Modules/chevron_process_055_6seg_stepped_64.svg,03_Chevron_Process_Modules,Chevron process 055 6 segments stepped,chevron_process,right,分段流程箭头，适合流程推进、阶段串联、任务链条。,self-made
03_Chevron_Process_Modules/chevron_process_056_6seg_stepped_82.svg,03_Chevron_Process_Modules,Chevron process 056 6 segments stepped,chevron_process,right,分段流程箭头，适合流程推进、阶段串联、任务链条。,self-made
03_Chevron_Process_Modules/chevron_process_057_6seg_block_first_64.svg,03_Chevron_Process_Modules,Chevron process 057 6 segments block_first,chevron_process,right,分段流程箭头，适合流程推进、阶段串联、任务链条。,self-made
03_Chevron_Process_Modules/chevron_process_058_6seg_block_first_82.svg,03_Chevron_Process_Modules,Chevron process 058 6 segments block_first,chevron_process,right,分段流程箭头，适合流程推进、阶段串联、任务链条。,self-made
03_Chevron_Process_Modules/chevron_process_059_6seg_outline_64.svg,03_Chevron_Process_Modules,Chevron process 059 6 segments outline,chevron_process,right,分段流程箭头，适合流程推进、阶段串联、任务链条。,self-made
03_Chevron_Process_Modules/chevron_process_060_6seg_outline_82.svg,03_Chevron_Process_Modules,Chevron process 060 6 segments outline,chevron_process,right,分段流程箭头，适合流程推进、阶段串联、任务链条。,self-made
03_Chevron_Process_Modules/chevron_process_061_7seg_gap_64.svg,03_Chevron_Process_Modules,Chevron process 061 7 segments gap,chevron_process,right,分段流程箭头，适合流程推进、阶段串联、任务链条。,self-made
03_Chevron_Process_Modules/chevron_process_062_7seg_gap_82.svg,03_Chevron_Process_Modules,Chevron process 062 7 segments gap,chevron_process,right,分段流程箭头，适合流程推进、阶段串联、任务链条。,self-made
03_Chevron_Process_Modules/chevron_process_063_7seg_connected_64.svg,03_Chevron_Process_Modules,Chevron process 063 7 segments connected,chevron_process,right,分段流程箭头，适合流程推进、阶段串联、任务链条。,self-made
03_Chevron_Process_Modules/chevron_process_064_7seg_connected_82.svg,03_Chevron_Process_Modules,Chevron process 064 7 segments connected,chevron_process,right,分段流程箭头，适合流程推进、阶段串联、任务链条。,self-made
03_Chevron_Process_Modules/chevron_process_065_7seg_loose_64.svg,03_Chevron_Process_Modules,Chevron process 065 7 segments loose,chevron_process,right,分段流程箭头，适合流程推进、阶段串联、任务链条。,self-made
03_Chevron_Process_Modules/chevron_process_066_7seg_loose_82.svg,03_Chevron_Process_Modules,Chevron process 066 7 segments loose,chevron_process,right,分段流程箭头，适合流程推进、阶段串联、任务链条。,self-made
03_Chevron_Process_Modules/chevron_process_067_7seg_stepped_64.svg,03_Chevron_Process_Modules,Chevron process 067 7 segments stepped,chevron_process,right,分段流程箭头，适合流程推进、阶段串联、任务链条。,self-made
03_Chevron_Process_Modules/chevron_process_068_7seg_stepped_82.svg,03_Chevron_Process_Modules,Chevron process 068 7 segments stepped,chevron_process,right,分段流程箭头，适合流程推进、阶段串联、任务链条。,self-made
03_Chevron_Process_Modules/chevron_process_069_7seg_block_first_64.svg,03_Chevron_Process_Modules,Chevron process 069 7 segments block_first,chevron_process,right,分段流程箭头，适合流程推进、阶段串联、任务链条。,self-made
03_Chevron_Process_Modules/chevron_process_070_7seg_block_first_82.svg,03_Chevron_Process_Modules,Chevron process 070 7 segments block_first,chevron_process,right,分段流程箭头，适合流程推进、阶段串联、任务链条。,self-made
03_Chevron_Process_Modules/chevron_process_071_7seg_outline_64.svg,03_Chevron_Process_Modules,Chevron process 071 7 segments outline,chevron_process,right,分段流程箭头，适合流程推进、阶段串联、任务链条。,self-made
03_Chevron_Process_Modules/chevron_process_072_7seg_outline_82.svg,03_Chevron_Process_Modules,Chevron process 072 7 segments outline,chevron_process,right,分段流程箭头，适合流程推进、阶段串联、任务链条。,self-made
04_Node_Link_Connectors/node_link_connector_001_straight_solid_3px.svg,04_Node_Link_Connectors,Node link connector 001 straight solid,connector_route,mixed,节点连接线箭头，适合系统架构、数据流、流程回路、分流汇聚。,self-made
04_Node_Link_Connectors/node_link_connector_002_straight_double_solid_3px.svg,04_Node_Link_Connectors,Node link connector 002 straight_double solid,connector_route,mixed,节点连接线箭头，适合系统架构、数据流、流程回路、分流汇聚。,self-made
04_Node_Link_Connectors/node_link_connector_003_elbow_down_solid_3px.svg,04_Node_Link_Connectors,Node link connector 003 elbow_down solid,connector_route,mixed,节点连接线箭头，适合系统架构、数据流、流程回路、分流汇聚。,self-made
04_Node_Link_Connectors/node_link_connector_004_elbow_up_solid_3px.svg,04_Node_Link_Connectors,Node link connector 004 elbow_up solid,connector_route,mixed,节点连接线箭头，适合系统架构、数据流、流程回路、分流汇聚。,self-made
04_Node_Link_Connectors/node_link_connector_005_u_turn_solid_3px.svg,04_Node_Link_Connectors,Node link connector 005 u_turn solid,connector_route,mixed,节点连接线箭头，适合系统架构、数据流、流程回路、分流汇聚。,self-made
04_Node_Link_Connectors/node_link_connector_006_s_curve_solid_3px.svg,04_Node_Link_Connectors,Node link connector 006 s_curve solid,connector_route,mixed,节点连接线箭头，适合系统架构、数据流、流程回路、分流汇聚。,self-made
04_Node_Link_Connectors/node_link_connector_007_arc_over_solid_3px.svg,04_Node_Link_Connectors,Node link connector 007 arc_over solid,connector_route,mixed,节点连接线箭头，适合系统架构、数据流、流程回路、分流汇聚。,self-made
04_Node_Link_Connectors/node_link_connector_008_arc_under_solid_3px.svg,04_Node_Link_Connectors,Node link connector 008 arc_under solid,connector_route,mixed,节点连接线箭头，适合系统架构、数据流、流程回路、分流汇聚。,self-made
04_Node_Link_Connectors/node_link_connector_009_fork_y_solid_3px.svg,04_Node_Link_Connectors,Node link connector 009 fork_y solid,connector_route,mixed,节点连接线箭头，适合系统架构、数据流、流程回路、分流汇聚。,self-made
04_Node_Link_Connectors/node_link_connector_010_merge_y_solid_3px.svg,04_Node_Link_Connectors,Node link connector 010 merge_y solid,connector_route,mixed,节点连接线箭头，适合系统架构、数据流、流程回路、分流汇聚。,self-made
04_Node_Link_Connectors/node_link_connector_011_parallel_bus_solid_3px.svg,04_Node_Link_Connectors,Node link connector 011 parallel_bus solid,connector_route,mixed,节点连接线箭头，适合系统架构、数据流、流程回路、分流汇聚。,self-made
04_Node_Link_Connectors/node_link_connector_012_step_bus_solid_3px.svg,04_Node_Link_Connectors,Node link connector 012 step_bus solid,connector_route,mixed,节点连接线箭头，适合系统架构、数据流、流程回路、分流汇聚。,self-made
04_Node_Link_Connectors/node_link_connector_013_loop_back_solid_3px.svg,04_Node_Link_Connectors,Node link connector 013 loop_back solid,connector_route,mixed,节点连接线箭头，适合系统架构、数据流、流程回路、分流汇聚。,self-made
04_Node_Link_Connectors/node_link_connector_014_straight_solid_4px.svg,04_Node_Link_Connectors,Node link connector 014 straight solid,connector_route,mixed,节点连接线箭头，适合系统架构、数据流、流程回路、分流汇聚。,self-made
04_Node_Link_Connectors/node_link_connector_015_straight_double_solid_4px.svg,04_Node_Link_Connectors,Node link connector 015 straight_double solid,connector_route,mixed,节点连接线箭头，适合系统架构、数据流、流程回路、分流汇聚。,self-made
04_Node_Link_Connectors/node_link_connector_016_elbow_down_solid_4px.svg,04_Node_Link_Connectors,Node link connector 016 elbow_down solid,connector_route,mixed,节点连接线箭头，适合系统架构、数据流、流程回路、分流汇聚。,self-made
04_Node_Link_Connectors/node_link_connector_017_elbow_up_solid_4px.svg,04_Node_Link_Connectors,Node link connector 017 elbow_up solid,connector_route,mixed,节点连接线箭头，适合系统架构、数据流、流程回路、分流汇聚。,self-made
04_Node_Link_Connectors/node_link_connector_018_u_turn_solid_4px.svg,04_Node_Link_Connectors,Node link connector 018 u_turn solid,connector_route,mixed,节点连接线箭头，适合系统架构、数据流、流程回路、分流汇聚。,self-made
04_Node_Link_Connectors/node_link_connector_019_s_curve_solid_4px.svg,04_Node_Link_Connectors,Node link connector 019 s_curve solid,connector_route,mixed,节点连接线箭头，适合系统架构、数据流、流程回路、分流汇聚。,self-made
04_Node_Link_Connectors/node_link_connector_020_arc_over_solid_4px.svg,04_Node_Link_Connectors,Node link connector 020 arc_over solid,connector_route,mixed,节点连接线箭头，适合系统架构、数据流、流程回路、分流汇聚。,self-made
04_Node_Link_Connectors/node_link_connector_021_arc_under_solid_4px.svg,04_Node_Link_Connectors,Node link connector 021 arc_under solid,connector_route,mixed,节点连接线箭头，适合系统架构、数据流、流程回路、分流汇聚。,self-made
04_Node_Link_Connectors/node_link_connector_022_fork_y_solid_4px.svg,04_Node_Link_Connectors,Node link connector 022 fork_y solid,connector_route,mixed,节点连接线箭头，适合系统架构、数据流、流程回路、分流汇聚。,self-made
04_Node_Link_Connectors/node_link_connector_023_merge_y_solid_4px.svg,04_Node_Link_Connectors,Node link connector 023 merge_y solid,connector_route,mixed,节点连接线箭头，适合系统架构、数据流、流程回路、分流汇聚。,self-made
04_Node_Link_Connectors/node_link_connector_024_parallel_bus_solid_4px.svg,04_Node_Link_Connectors,Node link connector 024 parallel_bus solid,connector_route,mixed,节点连接线箭头，适合系统架构、数据流、流程回路、分流汇聚。,self-made
04_Node_Link_Connectors/node_link_connector_025_step_bus_solid_4px.svg,04_Node_Link_Connectors,Node link connector 025 step_bus solid,connector_route,mixed,节点连接线箭头，适合系统架构、数据流、流程回路、分流汇聚。,self-made
04_Node_Link_Connectors/node_link_connector_026_loop_back_solid_4px.svg,04_Node_Link_Connectors,Node link connector 026 loop_back solid,connector_route,mixed,节点连接线箭头，适合系统架构、数据流、流程回路、分流汇聚。,self-made
04_Node_Link_Connectors/node_link_connector_027_straight_solid_5px.svg,04_Node_Link_Connectors,Node link connector 027 straight solid,connector_route,mixed,节点连接线箭头，适合系统架构、数据流、流程回路、分流汇聚。,self-made
04_Node_Link_Connectors/node_link_connector_028_straight_double_solid_5px.svg,04_Node_Link_Connectors,Node link connector 028 straight_double solid,connector_route,mixed,节点连接线箭头，适合系统架构、数据流、流程回路、分流汇聚。,self-made
04_Node_Link_Connectors/node_link_connector_029_elbow_down_solid_5px.svg,04_Node_Link_Connectors,Node link connector 029 elbow_down solid,connector_route,mixed,节点连接线箭头，适合系统架构、数据流、流程回路、分流汇聚。,self-made
04_Node_Link_Connectors/node_link_connector_030_elbow_up_solid_5px.svg,04_Node_Link_Connectors,Node link connector 030 elbow_up solid,connector_route,mixed,节点连接线箭头，适合系统架构、数据流、流程回路、分流汇聚。,self-made
04_Node_Link_Connectors/node_link_connector_031_u_turn_solid_5px.svg,04_Node_Link_Connectors,Node link connector 031 u_turn solid,connector_route,mixed,节点连接线箭头，适合系统架构、数据流、流程回路、分流汇聚。,self-made
04_Node_Link_Connectors/node_link_connector_032_s_curve_solid_5px.svg,04_Node_Link_Connectors,Node link connector 032 s_curve solid,connector_route,mixed,节点连接线箭头，适合系统架构、数据流、流程回路、分流汇聚。,self-made
04_Node_Link_Connectors/node_link_connector_033_arc_over_solid_5px.svg,04_Node_Link_Connectors,Node link connector 033 arc_over solid,connector_route,mixed,节点连接线箭头，适合系统架构、数据流、流程回路、分流汇聚。,self-made
04_Node_Link_Connectors/node_link_connector_034_arc_under_solid_5px.svg,04_Node_Link_Connectors,Node link connector 034 arc_under solid,connector_route,mixed,节点连接线箭头，适合系统架构、数据流、流程回路、分流汇聚。,self-made
04_Node_Link_Connectors/node_link_connector_035_fork_y_solid_5px.svg,04_Node_Link_Connectors,Node link connector 035 fork_y solid,connector_route,mixed,节点连接线箭头，适合系统架构、数据流、流程回路、分流汇聚。,self-made
04_Node_Link_Connectors/node_link_connector_036_merge_y_solid_5px.svg,04_Node_Link_Connectors,Node link connector 036 merge_y solid,connector_route,mixed,节点连接线箭头，适合系统架构、数据流、流程回路、分流汇聚。,self-made
04_Node_Link_Connectors/node_link_connector_037_parallel_bus_solid_5px.svg,04_Node_Link_Connectors,Node link connector 037 parallel_bus solid,connector_route,mixed,节点连接线箭头，适合系统架构、数据流、流程回路、分流汇聚。,self-made
04_Node_Link_Connectors/node_link_connector_038_step_bus_solid_5px.svg,04_Node_Link_Connectors,Node link connector 038 step_bus solid,connector_route,mixed,节点连接线箭头，适合系统架构、数据流、流程回路、分流汇聚。,self-made
04_Node_Link_Connectors/node_link_connector_039_loop_back_solid_5px.svg,04_Node_Link_Connectors,Node link connector 039 loop_back solid,connector_route,mixed,节点连接线箭头，适合系统架构、数据流、流程回路、分流汇聚。,self-made
04_Node_Link_Connectors/node_link_connector_040_straight_dash_3px.svg,04_Node_Link_Connectors,Node link connector 040 straight dashed,connector_route,mixed,节点连接线箭头，适合系统架构、数据流、流程回路、分流汇聚。,self-made
04_Node_Link_Connectors/node_link_connector_041_straight_double_dash_3px.svg,04_Node_Link_Connectors,Node link connector 041 straight_double dashed,connector_route,mixed,节点连接线箭头，适合系统架构、数据流、流程回路、分流汇聚。,self-made
04_Node_Link_Connectors/node_link_connector_042_elbow_down_dash_3px.svg,04_Node_Link_Connectors,Node link connector 042 elbow_down dashed,connector_route,mixed,节点连接线箭头，适合系统架构、数据流、流程回路、分流汇聚。,self-made
04_Node_Link_Connectors/node_link_connector_043_elbow_up_dash_3px.svg,04_Node_Link_Connectors,Node link connector 043 elbow_up dashed,connector_route,mixed,节点连接线箭头，适合系统架构、数据流、流程回路、分流汇聚。,self-made
04_Node_Link_Connectors/node_link_connector_044_u_turn_dash_3px.svg,04_Node_Link_Connectors,Node link connector 044 u_turn dashed,connector_route,mixed,节点连接线箭头，适合系统架构、数据流、流程回路、分流汇聚。,self-made
04_Node_Link_Connectors/node_link_connector_045_s_curve_dash_3px.svg,04_Node_Link_Connectors,Node link connector 045 s_curve dashed,connector_route,mixed,节点连接线箭头，适合系统架构、数据流、流程回路、分流汇聚。,self-made
04_Node_Link_Connectors/node_link_connector_046_arc_over_dash_3px.svg,04_Node_Link_Connectors,Node link connector 046 arc_over dashed,connector_route,mixed,节点连接线箭头，适合系统架构、数据流、流程回路、分流汇聚。,self-made
04_Node_Link_Connectors/node_link_connector_047_arc_under_dash_3px.svg,04_Node_Link_Connectors,Node link connector 047 arc_under dashed,connector_route,mixed,节点连接线箭头，适合系统架构、数据流、流程回路、分流汇聚。,self-made
04_Node_Link_Connectors/node_link_connector_048_fork_y_dash_3px.svg,04_Node_Link_Connectors,Node link connector 048 fork_y dashed,connector_route,mixed,节点连接线箭头，适合系统架构、数据流、流程回路、分流汇聚。,self-made
04_Node_Link_Connectors/node_link_connector_049_merge_y_dash_3px.svg,04_Node_Link_Connectors,Node link connector 049 merge_y dashed,connector_route,mixed,节点连接线箭头，适合系统架构、数据流、流程回路、分流汇聚。,self-made
04_Node_Link_Connectors/node_link_connector_050_parallel_bus_dash_3px.svg,04_Node_Link_Connectors,Node link connector 050 parallel_bus dashed,connector_route,mixed,节点连接线箭头，适合系统架构、数据流、流程回路、分流汇聚。,self-made
04_Node_Link_Connectors/node_link_connector_051_step_bus_dash_3px.svg,04_Node_Link_Connectors,Node link connector 051 step_bus dashed,connector_route,mixed,节点连接线箭头，适合系统架构、数据流、流程回路、分流汇聚。,self-made
04_Node_Link_Connectors/node_link_connector_052_loop_back_dash_3px.svg,04_Node_Link_Connectors,Node link connector 052 loop_back dashed,connector_route,mixed,节点连接线箭头，适合系统架构、数据流、流程回路、分流汇聚。,self-made
04_Node_Link_Connectors/node_link_connector_053_straight_dash_4px.svg,04_Node_Link_Connectors,Node link connector 053 straight dashed,connector_route,mixed,节点连接线箭头，适合系统架构、数据流、流程回路、分流汇聚。,self-made
04_Node_Link_Connectors/node_link_connector_054_straight_double_dash_4px.svg,04_Node_Link_Connectors,Node link connector 054 straight_double dashed,connector_route,mixed,节点连接线箭头，适合系统架构、数据流、流程回路、分流汇聚。,self-made
04_Node_Link_Connectors/node_link_connector_055_elbow_down_dash_4px.svg,04_Node_Link_Connectors,Node link connector 055 elbow_down dashed,connector_route,mixed,节点连接线箭头，适合系统架构、数据流、流程回路、分流汇聚。,self-made
04_Node_Link_Connectors/node_link_connector_056_elbow_up_dash_4px.svg,04_Node_Link_Connectors,Node link connector 056 elbow_up dashed,connector_route,mixed,节点连接线箭头，适合系统架构、数据流、流程回路、分流汇聚。,self-made
04_Node_Link_Connectors/node_link_connector_057_u_turn_dash_4px.svg,04_Node_Link_Connectors,Node link connector 057 u_turn dashed,connector_route,mixed,节点连接线箭头，适合系统架构、数据流、流程回路、分流汇聚。,self-made
04_Node_Link_Connectors/node_link_connector_058_s_curve_dash_4px.svg,04_Node_Link_Connectors,Node link connector 058 s_curve dashed,connector_route,mixed,节点连接线箭头，适合系统架构、数据流、流程回路、分流汇聚。,self-made
04_Node_Link_Connectors/node_link_connector_059_arc_over_dash_4px.svg,04_Node_Link_Connectors,Node link connector 059 arc_over dashed,connector_route,mixed,节点连接线箭头，适合系统架构、数据流、流程回路、分流汇聚。,self-made
04_Node_Link_Connectors/node_link_connector_060_arc_under_dash_4px.svg,04_Node_Link_Connectors,Node link connector 060 arc_under dashed,connector_route,mixed,节点连接线箭头，适合系统架构、数据流、流程回路、分流汇聚。,self-made
04_Node_Link_Connectors/node_link_connector_061_fork_y_dash_4px.svg,04_Node_Link_Connectors,Node link connector 061 fork_y dashed,connector_route,mixed,节点连接线箭头，适合系统架构、数据流、流程回路、分流汇聚。,self-made
04_Node_Link_Connectors/node_link_connector_062_merge_y_dash_4px.svg,04_Node_Link_Connectors,Node link connector 062 merge_y dashed,connector_route,mixed,节点连接线箭头，适合系统架构、数据流、流程回路、分流汇聚。,self-made
04_Node_Link_Connectors/node_link_connector_063_parallel_bus_dash_4px.svg,04_Node_Link_Connectors,Node link connector 063 parallel_bus dashed,connector_route,mixed,节点连接线箭头，适合系统架构、数据流、流程回路、分流汇聚。,self-made
04_Node_Link_Connectors/node_link_connector_064_step_bus_dash_4px.svg,04_Node_Link_Connectors,Node link connector 064 step_bus dashed,connector_route,mixed,节点连接线箭头，适合系统架构、数据流、流程回路、分流汇聚。,self-made
04_Node_Link_Connectors/node_link_connector_065_loop_back_dash_4px.svg,04_Node_Link_Connectors,Node link connector 065 loop_back dashed,connector_route,mixed,节点连接线箭头，适合系统架构、数据流、流程回路、分流汇聚。,self-made
04_Node_Link_Connectors/node_link_connector_066_straight_dash_5px.svg,04_Node_Link_Connectors,Node link connector 066 straight dashed,connector_route,mixed,节点连接线箭头，适合系统架构、数据流、流程回路、分流汇聚。,self-made
04_Node_Link_Connectors/node_link_connector_067_straight_double_dash_5px.svg,04_Node_Link_Connectors,Node link connector 067 straight_double dashed,connector_route,mixed,节点连接线箭头，适合系统架构、数据流、流程回路、分流汇聚。,self-made
04_Node_Link_Connectors/node_link_connector_068_elbow_down_dash_5px.svg,04_Node_Link_Connectors,Node link connector 068 elbow_down dashed,connector_route,mixed,节点连接线箭头，适合系统架构、数据流、流程回路、分流汇聚。,self-made
04_Node_Link_Connectors/node_link_connector_069_elbow_up_dash_5px.svg,04_Node_Link_Connectors,Node link connector 069 elbow_up dashed,connector_route,mixed,节点连接线箭头，适合系统架构、数据流、流程回路、分流汇聚。,self-made
04_Node_Link_Connectors/node_link_connector_070_u_turn_dash_5px.svg,04_Node_Link_Connectors,Node link connector 070 u_turn dashed,connector_route,mixed,节点连接线箭头，适合系统架构、数据流、流程回路、分流汇聚。,self-made
04_Node_Link_Connectors/node_link_connector_071_s_curve_dash_5px.svg,04_Node_Link_Connectors,Node link connector 071 s_curve dashed,connector_route,mixed,节点连接线箭头，适合系统架构、数据流、流程回路、分流汇聚。,self-made
04_Node_Link_Connectors/node_link_connector_072_arc_over_dash_5px.svg,04_Node_Link_Connectors,Node link connector 072 arc_over dashed,connector_route,mixed,节点连接线箭头，适合系统架构、数据流、流程回路、分流汇聚。,self-made
04_Node_Link_Connectors/node_link_connector_073_arc_under_dash_5px.svg,04_Node_Link_Connectors,Node link connector 073 arc_under dashed,connector_route,mixed,节点连接线箭头，适合系统架构、数据流、流程回路、分流汇聚。,self-made
04_Node_Link_Connectors/node_link_connector_074_fork_y_dash_5px.svg,04_Node_Link_Connectors,Node link connector 074 fork_y dashed,connector_route,mixed,节点连接线箭头，适合系统架构、数据流、流程回路、分流汇聚。,self-made
04_Node_Link_Connectors/node_link_connector_075_merge_y_dash_5px.svg,04_Node_Link_Connectors,Node link connector 075 merge_y dashed,connector_route,mixed,节点连接线箭头，适合系统架构、数据流、流程回路、分流汇聚。,self-made
04_Node_Link_Connectors/node_link_connector_076_parallel_bus_dash_5px.svg,04_Node_Link_Connectors,Node link connector 076 parallel_bus dashed,connector_route,mixed,节点连接线箭头，适合系统架构、数据流、流程回路、分流汇聚。,self-made
04_Node_Link_Connectors/node_link_connector_077_step_bus_dash_5px.svg,04_Node_Link_Connectors,Node link connector 077 step_bus dashed,connector_route,mixed,节点连接线箭头，适合系统架构、数据流、流程回路、分流汇聚。,self-made
04_Node_Link_Connectors/node_link_connector_078_loop_back_dash_5px.svg,04_Node_Link_Connectors,Node link connector 078 loop_back dashed,connector_route,mixed,节点连接线箭头，适合系统架构、数据流、流程回路、分流汇聚。,self-made
05_Outline_Backbone_Shapes/outline_backbone_001_right_flat.svg,05_Outline_Backbone_Shapes,Outline backbone arrow 001 right flat,outline_area_arrow,right,浅色轮廓骨架箭头，适合做背景底层主线或低干扰承载区。,self-made
05_Outline_Backbone_Shapes/outline_backbone_002_right_flat.svg,05_Outline_Backbone_Shapes,Outline backbone arrow 002 right flat,outline_area_arrow,right,浅色轮廓骨架箭头，适合做背景底层主线或低干扰承载区。,self-made
05_Outline_Backbone_Shapes/outline_backbone_003_right_notch.svg,05_Outline_Backbone_Shapes,Outline backbone arrow 003 right notch,outline_area_arrow,right,浅色轮廓骨架箭头，适合做背景底层主线或低干扰承载区。,self-made
05_Outline_Backbone_Shapes/outline_backbone_004_right_notch.svg,05_Outline_Backbone_Shapes,Outline backbone arrow 004 right notch,outline_area_arrow,right,浅色轮廓骨架箭头，适合做背景底层主线或低干扰承载区。,self-made
05_Outline_Backbone_Shapes/outline_backbone_005_right_chevron.svg,05_Outline_Backbone_Shapes,Outline backbone arrow 005 right chevron,outline_area_arrow,right,浅色轮廓骨架箭头，适合做背景底层主线或低干扰承载区。,self-made
05_Outline_Backbone_Shapes/outline_backbone_006_right_chevron.svg,05_Outline_Backbone_Shapes,Outline backbone arrow 006 right chevron,outline_area_arrow,right,浅色轮廓骨架箭头，适合做背景底层主线或低干扰承载区。,self-made
05_Outline_Backbone_Shapes/outline_backbone_007_right_slant.svg,05_Outline_Backbone_Shapes,Outline backbone arrow 007 right slant,outline_area_arrow,right,浅色轮廓骨架箭头，适合做背景底层主线或低干扰承载区。,self-made
05_Outline_Backbone_Shapes/outline_backbone_008_right_slant.svg,05_Outline_Backbone_Shapes,Outline backbone arrow 008 right slant,outline_area_arrow,right,浅色轮廓骨架箭头，适合做背景底层主线或低干扰承载区。,self-made
05_Outline_Backbone_Shapes/outline_backbone_009_right_thin.svg,05_Outline_Backbone_Shapes,Outline backbone arrow 009 right thin,outline_area_arrow,right,浅色轮廓骨架箭头，适合做背景底层主线或低干扰承载区。,self-made
05_Outline_Backbone_Shapes/outline_backbone_010_right_thin.svg,05_Outline_Backbone_Shapes,Outline backbone arrow 010 right thin,outline_area_arrow,right,浅色轮廓骨架箭头，适合做背景底层主线或低干扰承载区。,self-made
05_Outline_Backbone_Shapes/outline_backbone_011_left_flat.svg,05_Outline_Backbone_Shapes,Outline backbone arrow 011 left flat,outline_area_arrow,left,浅色轮廓骨架箭头，适合做背景底层主线或低干扰承载区。,self-made
05_Outline_Backbone_Shapes/outline_backbone_012_left_flat.svg,05_Outline_Backbone_Shapes,Outline backbone arrow 012 left flat,outline_area_arrow,left,浅色轮廓骨架箭头，适合做背景底层主线或低干扰承载区。,self-made
05_Outline_Backbone_Shapes/outline_backbone_013_left_notch.svg,05_Outline_Backbone_Shapes,Outline backbone arrow 013 left notch,outline_area_arrow,left,浅色轮廓骨架箭头，适合做背景底层主线或低干扰承载区。,self-made
05_Outline_Backbone_Shapes/outline_backbone_014_left_notch.svg,05_Outline_Backbone_Shapes,Outline backbone arrow 014 left notch,outline_area_arrow,left,浅色轮廓骨架箭头，适合做背景底层主线或低干扰承载区。,self-made
05_Outline_Backbone_Shapes/outline_backbone_015_left_chevron.svg,05_Outline_Backbone_Shapes,Outline backbone arrow 015 left chevron,outline_area_arrow,left,浅色轮廓骨架箭头，适合做背景底层主线或低干扰承载区。,self-made
05_Outline_Backbone_Shapes/outline_backbone_016_left_chevron.svg,05_Outline_Backbone_Shapes,Outline backbone arrow 016 left chevron,outline_area_arrow,left,浅色轮廓骨架箭头，适合做背景底层主线或低干扰承载区。,self-made
05_Outline_Backbone_Shapes/outline_backbone_017_left_slant.svg,05_Outline_Backbone_Shapes,Outline backbone arrow 017 left slant,outline_area_arrow,left,浅色轮廓骨架箭头，适合做背景底层主线或低干扰承载区。,self-made
05_Outline_Backbone_Shapes/outline_backbone_018_left_slant.svg,05_Outline_Backbone_Shapes,Outline backbone arrow 018 left slant,outline_area_arrow,left,浅色轮廓骨架箭头，适合做背景底层主线或低干扰承载区。,self-made
05_Outline_Backbone_Shapes/outline_backbone_019_left_thin.svg,05_Outline_Backbone_Shapes,Outline backbone arrow 019 left thin,outline_area_arrow,left,浅色轮廓骨架箭头，适合做背景底层主线或低干扰承载区。,self-made
05_Outline_Backbone_Shapes/outline_backbone_020_left_thin.svg,05_Outline_Backbone_Shapes,Outline backbone arrow 020 left thin,outline_area_arrow,left,浅色轮廓骨架箭头，适合做背景底层主线或低干扰承载区。,self-made
05_Outline_Backbone_Shapes/outline_backbone_021_up_flat.svg,05_Outline_Backbone_Shapes,Outline backbone arrow 021 up flat,outline_area_arrow,up,浅色轮廓骨架箭头，适合做背景底层主线或低干扰承载区。,self-made
05_Outline_Backbone_Shapes/outline_backbone_022_up_flat.svg,05_Outline_Backbone_Shapes,Outline backbone arrow 022 up flat,outline_area_arrow,up,浅色轮廓骨架箭头，适合做背景底层主线或低干扰承载区。,self-made
05_Outline_Backbone_Shapes/outline_backbone_023_up_notch.svg,05_Outline_Backbone_Shapes,Outline backbone arrow 023 up notch,outline_area_arrow,up,浅色轮廓骨架箭头，适合做背景底层主线或低干扰承载区。,self-made
05_Outline_Backbone_Shapes/outline_backbone_024_up_notch.svg,05_Outline_Backbone_Shapes,Outline backbone arrow 024 up notch,outline_area_arrow,up,浅色轮廓骨架箭头，适合做背景底层主线或低干扰承载区。,self-made
05_Outline_Backbone_Shapes/outline_backbone_025_up_chevron.svg,05_Outline_Backbone_Shapes,Outline backbone arrow 025 up chevron,outline_area_arrow,up,浅色轮廓骨架箭头，适合做背景底层主线或低干扰承载区。,self-made
05_Outline_Backbone_Shapes/outline_backbone_026_up_chevron.svg,05_Outline_Backbone_Shapes,Outline backbone arrow 026 up chevron,outline_area_arrow,up,浅色轮廓骨架箭头，适合做背景底层主线或低干扰承载区。,self-made
05_Outline_Backbone_Shapes/outline_backbone_027_up_slant.svg,05_Outline_Backbone_Shapes,Outline backbone arrow 027 up slant,outline_area_arrow,up,浅色轮廓骨架箭头，适合做背景底层主线或低干扰承载区。,self-made
05_Outline_Backbone_Shapes/outline_backbone_028_up_slant.svg,05_Outline_Backbone_Shapes,Outline backbone arrow 028 up slant,outline_area_arrow,up,浅色轮廓骨架箭头，适合做背景底层主线或低干扰承载区。,self-made
05_Outline_Backbone_Shapes/outline_backbone_029_up_thin.svg,05_Outline_Backbone_Shapes,Outline backbone arrow 029 up thin,outline_area_arrow,up,浅色轮廓骨架箭头，适合做背景底层主线或低干扰承载区。,self-made
05_Outline_Backbone_Shapes/outline_backbone_030_up_thin.svg,05_Outline_Backbone_Shapes,Outline backbone arrow 030 up thin,outline_area_arrow,up,浅色轮廓骨架箭头，适合做背景底层主线或低干扰承载区。,self-made
05_Outline_Backbone_Shapes/outline_backbone_031_down_flat.svg,05_Outline_Backbone_Shapes,Outline backbone arrow 031 down flat,outline_area_arrow,down,浅色轮廓骨架箭头，适合做背景底层主线或低干扰承载区。,self-made
05_Outline_Backbone_Shapes/outline_backbone_032_down_flat.svg,05_Outline_Backbone_Shapes,Outline backbone arrow 032 down flat,outline_area_arrow,down,浅色轮廓骨架箭头，适合做背景底层主线或低干扰承载区。,self-made
05_Outline_Backbone_Shapes/outline_backbone_033_down_notch.svg,05_Outline_Backbone_Shapes,Outline backbone arrow 033 down notch,outline_area_arrow,down,浅色轮廓骨架箭头，适合做背景底层主线或低干扰承载区。,self-made
05_Outline_Backbone_Shapes/outline_backbone_034_down_notch.svg,05_Outline_Backbone_Shapes,Outline backbone arrow 034 down notch,outline_area_arrow,down,浅色轮廓骨架箭头，适合做背景底层主线或低干扰承载区。,self-made
05_Outline_Backbone_Shapes/outline_backbone_035_down_chevron.svg,05_Outline_Backbone_Shapes,Outline backbone arrow 035 down chevron,outline_area_arrow,down,浅色轮廓骨架箭头，适合做背景底层主线或低干扰承载区。,self-made
05_Outline_Backbone_Shapes/outline_backbone_036_down_chevron.svg,05_Outline_Backbone_Shapes,Outline backbone arrow 036 down chevron,outline_area_arrow,down,浅色轮廓骨架箭头，适合做背景底层主线或低干扰承载区。,self-made
05_Outline_Backbone_Shapes/outline_backbone_037_down_slant.svg,05_Outline_Backbone_Shapes,Outline backbone arrow 037 down slant,outline_area_arrow,down,浅色轮廓骨架箭头，适合做背景底层主线或低干扰承载区。,self-made
05_Outline_Backbone_Shapes/outline_backbone_038_down_slant.svg,05_Outline_Backbone_Shapes,Outline backbone arrow 038 down slant,outline_area_arrow,down,浅色轮廓骨架箭头，适合做背景底层主线或低干扰承载区。,self-made
05_Outline_Backbone_Shapes/outline_backbone_039_down_thin.svg,05_Outline_Backbone_Shapes,Outline backbone arrow 039 down thin,outline_area_arrow,down,浅色轮廓骨架箭头，适合做背景底层主线或低干扰承载区。,self-made
05_Outline_Backbone_Shapes/outline_backbone_040_down_thin.svg,05_Outline_Backbone_Shapes,Outline backbone arrow 040 down thin,outline_area_arrow,down,浅色轮廓骨架箭头，适合做背景底层主线或低干扰承载区。,self-made
05_Outline_Backbone_Shapes/outline_chevron_backbone_041_2seg.svg,05_Outline_Backbone_Shapes,Outline chevron backbone 041 2 segments,outline_chevron,right,轮廓分段流程骨架，适合做PPT浅色底层结构。,self-made
05_Outline_Backbone_Shapes/outline_chevron_backbone_042_2seg.svg,05_Outline_Backbone_Shapes,Outline chevron backbone 042 2 segments,outline_chevron,right,轮廓分段流程骨架，适合做PPT浅色底层结构。,self-made
05_Outline_Backbone_Shapes/outline_chevron_backbone_043_3seg.svg,05_Outline_Backbone_Shapes,Outline chevron backbone 043 3 segments,outline_chevron,right,轮廓分段流程骨架，适合做PPT浅色底层结构。,self-made
05_Outline_Backbone_Shapes/outline_chevron_backbone_044_3seg.svg,05_Outline_Backbone_Shapes,Outline chevron backbone 044 3 segments,outline_chevron,right,轮廓分段流程骨架，适合做PPT浅色底层结构。,self-made
05_Outline_Backbone_Shapes/outline_chevron_backbone_045_4seg.svg,05_Outline_Backbone_Shapes,Outline chevron backbone 045 4 segments,outline_chevron,right,轮廓分段流程骨架，适合做PPT浅色底层结构。,self-made
05_Outline_Backbone_Shapes/outline_chevron_backbone_046_4seg.svg,05_Outline_Backbone_Shapes,Outline chevron backbone 046 4 segments,outline_chevron,right,轮廓分段流程骨架，适合做PPT浅色底层结构。,self-made
05_Outline_Backbone_Shapes/outline_chevron_backbone_047_5seg.svg,05_Outline_Backbone_Shapes,Outline chevron backbone 047 5 segments,outline_chevron,right,轮廓分段流程骨架，适合做PPT浅色底层结构。,self-made
05_Outline_Backbone_Shapes/outline_chevron_backbone_048_5seg.svg,05_Outline_Backbone_Shapes,Outline chevron backbone 048 5 segments,outline_chevron,right,轮廓分段流程骨架，适合做PPT浅色底层结构。,self-made
05_Outline_Backbone_Shapes/outline_chevron_backbone_049_6seg.svg,05_Outline_Backbone_Shapes,Outline chevron backbone 049 6 segments,outline_chevron,right,轮廓分段流程骨架，适合做PPT浅色底层结构。,self-made
05_Outline_Backbone_Shapes/outline_chevron_backbone_050_6seg.svg,05_Outline_Backbone_Shapes,Outline chevron backbone 050 6 segments,outline_chevron,right,轮廓分段流程骨架，适合做PPT浅色底层结构。,self-made
05_Outline_Backbone_Shapes/outline_chevron_backbone_051_7seg.svg,05_Outline_Backbone_Shapes,Outline chevron backbone 051 7 segments,outline_chevron,right,轮廓分段流程骨架，适合做PPT浅色底层结构。,self-made
05_Outline_Backbone_Shapes/outline_chevron_backbone_052_7seg.svg,05_Outline_Backbone_Shapes,Outline chevron backbone 052 7 segments,outline_chevron,right,轮廓分段流程骨架，适合做PPT浅色底层结构。,self-made
06_Flat_Editable_Solid/flat_editable_001_right_flat.svg,06_Flat_Editable_Solid,Flat editable arrow 001 right flat,flat_area_arrow,right,扁平块状箭头，便于PPT改色、转形状、切割和二次绘制。,self-made
06_Flat_Editable_Solid/flat_editable_002_right_flat.svg,06_Flat_Editable_Solid,Flat editable arrow 002 right flat,flat_area_arrow,right,扁平块状箭头，便于PPT改色、转形状、切割和二次绘制。,self-made
06_Flat_Editable_Solid/flat_editable_003_right_flat.svg,06_Flat_Editable_Solid,Flat editable arrow 003 right flat,flat_area_arrow,right,扁平块状箭头，便于PPT改色、转形状、切割和二次绘制。,self-made
06_Flat_Editable_Solid/flat_editable_004_right_notch.svg,06_Flat_Editable_Solid,Flat editable arrow 004 right notch,flat_area_arrow,right,扁平块状箭头，便于PPT改色、转形状、切割和二次绘制。,self-made
06_Flat_Editable_Solid/flat_editable_005_right_notch.svg,06_Flat_Editable_Solid,Flat editable arrow 005 right notch,flat_area_arrow,right,扁平块状箭头，便于PPT改色、转形状、切割和二次绘制。,self-made
06_Flat_Editable_Solid/flat_editable_006_right_notch.svg,06_Flat_Editable_Solid,Flat editable arrow 006 right notch,flat_area_arrow,right,扁平块状箭头，便于PPT改色、转形状、切割和二次绘制。,self-made
06_Flat_Editable_Solid/flat_editable_007_right_chevron.svg,06_Flat_Editable_Solid,Flat editable arrow 007 right chevron,flat_area_arrow,right,扁平块状箭头，便于PPT改色、转形状、切割和二次绘制。,self-made
06_Flat_Editable_Solid/flat_editable_008_right_chevron.svg,06_Flat_Editable_Solid,Flat editable arrow 008 right chevron,flat_area_arrow,right,扁平块状箭头，便于PPT改色、转形状、切割和二次绘制。,self-made
06_Flat_Editable_Solid/flat_editable_009_right_chevron.svg,06_Flat_Editable_Solid,Flat editable arrow 009 right chevron,flat_area_arrow,right,扁平块状箭头，便于PPT改色、转形状、切割和二次绘制。,self-made
06_Flat_Editable_Solid/flat_editable_010_right_slant.svg,06_Flat_Editable_Solid,Flat editable arrow 010 right slant,flat_area_arrow,right,扁平块状箭头，便于PPT改色、转形状、切割和二次绘制。,self-made
06_Flat_Editable_Solid/flat_editable_011_right_slant.svg,06_Flat_Editable_Solid,Flat editable arrow 011 right slant,flat_area_arrow,right,扁平块状箭头，便于PPT改色、转形状、切割和二次绘制。,self-made
06_Flat_Editable_Solid/flat_editable_012_right_slant.svg,06_Flat_Editable_Solid,Flat editable arrow 012 right slant,flat_area_arrow,right,扁平块状箭头，便于PPT改色、转形状、切割和二次绘制。,self-made
06_Flat_Editable_Solid/flat_editable_013_right_thin.svg,06_Flat_Editable_Solid,Flat editable arrow 013 right thin,flat_area_arrow,right,扁平块状箭头，便于PPT改色、转形状、切割和二次绘制。,self-made
06_Flat_Editable_Solid/flat_editable_014_right_thin.svg,06_Flat_Editable_Solid,Flat editable arrow 014 right thin,flat_area_arrow,right,扁平块状箭头，便于PPT改色、转形状、切割和二次绘制。,self-made
06_Flat_Editable_Solid/flat_editable_015_right_thin.svg,06_Flat_Editable_Solid,Flat editable arrow 015 right thin,flat_area_arrow,right,扁平块状箭头，便于PPT改色、转形状、切割和二次绘制。,self-made
06_Flat_Editable_Solid/flat_editable_016_left_flat.svg,06_Flat_Editable_Solid,Flat editable arrow 016 left flat,flat_area_arrow,left,扁平块状箭头，便于PPT改色、转形状、切割和二次绘制。,self-made
06_Flat_Editable_Solid/flat_editable_017_left_flat.svg,06_Flat_Editable_Solid,Flat editable arrow 017 left flat,flat_area_arrow,left,扁平块状箭头，便于PPT改色、转形状、切割和二次绘制。,self-made
06_Flat_Editable_Solid/flat_editable_018_left_flat.svg,06_Flat_Editable_Solid,Flat editable arrow 018 left flat,flat_area_arrow,left,扁平块状箭头，便于PPT改色、转形状、切割和二次绘制。,self-made
06_Flat_Editable_Solid/flat_editable_019_left_notch.svg,06_Flat_Editable_Solid,Flat editable arrow 019 left notch,flat_area_arrow,left,扁平块状箭头，便于PPT改色、转形状、切割和二次绘制。,self-made
06_Flat_Editable_Solid/flat_editable_020_left_notch.svg,06_Flat_Editable_Solid,Flat editable arrow 020 left notch,flat_area_arrow,left,扁平块状箭头，便于PPT改色、转形状、切割和二次绘制。,self-made
06_Flat_Editable_Solid/flat_editable_021_left_notch.svg,06_Flat_Editable_Solid,Flat editable arrow 021 left notch,flat_area_arrow,left,扁平块状箭头，便于PPT改色、转形状、切割和二次绘制。,self-made
06_Flat_Editable_Solid/flat_editable_022_left_chevron.svg,06_Flat_Editable_Solid,Flat editable arrow 022 left chevron,flat_area_arrow,left,扁平块状箭头，便于PPT改色、转形状、切割和二次绘制。,self-made
06_Flat_Editable_Solid/flat_editable_023_left_chevron.svg,06_Flat_Editable_Solid,Flat editable arrow 023 left chevron,flat_area_arrow,left,扁平块状箭头，便于PPT改色、转形状、切割和二次绘制。,self-made
06_Flat_Editable_Solid/flat_editable_024_left_chevron.svg,06_Flat_Editable_Solid,Flat editable arrow 024 left chevron,flat_area_arrow,left,扁平块状箭头，便于PPT改色、转形状、切割和二次绘制。,self-made
06_Flat_Editable_Solid/flat_editable_025_left_slant.svg,06_Flat_Editable_Solid,Flat editable arrow 025 left slant,flat_area_arrow,left,扁平块状箭头，便于PPT改色、转形状、切割和二次绘制。,self-made
06_Flat_Editable_Solid/flat_editable_026_left_slant.svg,06_Flat_Editable_Solid,Flat editable arrow 026 left slant,flat_area_arrow,left,扁平块状箭头，便于PPT改色、转形状、切割和二次绘制。,self-made
06_Flat_Editable_Solid/flat_editable_027_left_slant.svg,06_Flat_Editable_Solid,Flat editable arrow 027 left slant,flat_area_arrow,left,扁平块状箭头，便于PPT改色、转形状、切割和二次绘制。,self-made
06_Flat_Editable_Solid/flat_editable_028_left_thin.svg,06_Flat_Editable_Solid,Flat editable arrow 028 left thin,flat_area_arrow,left,扁平块状箭头，便于PPT改色、转形状、切割和二次绘制。,self-made
06_Flat_Editable_Solid/flat_editable_029_left_thin.svg,06_Flat_Editable_Solid,Flat editable arrow 029 left thin,flat_area_arrow,left,扁平块状箭头，便于PPT改色、转形状、切割和二次绘制。,self-made
06_Flat_Editable_Solid/flat_editable_030_left_thin.svg,06_Flat_Editable_Solid,Flat editable arrow 030 left thin,flat_area_arrow,left,扁平块状箭头，便于PPT改色、转形状、切割和二次绘制。,self-made
06_Flat_Editable_Solid/flat_editable_031_up_flat.svg,06_Flat_Editable_Solid,Flat editable arrow 031 up flat,flat_area_arrow,up,扁平块状箭头，便于PPT改色、转形状、切割和二次绘制。,self-made
06_Flat_Editable_Solid/flat_editable_032_up_flat.svg,06_Flat_Editable_Solid,Flat editable arrow 032 up flat,flat_area_arrow,up,扁平块状箭头，便于PPT改色、转形状、切割和二次绘制。,self-made
06_Flat_Editable_Solid/flat_editable_033_up_flat.svg,06_Flat_Editable_Solid,Flat editable arrow 033 up flat,flat_area_arrow,up,扁平块状箭头，便于PPT改色、转形状、切割和二次绘制。,self-made
06_Flat_Editable_Solid/flat_editable_034_up_notch.svg,06_Flat_Editable_Solid,Flat editable arrow 034 up notch,flat_area_arrow,up,扁平块状箭头，便于PPT改色、转形状、切割和二次绘制。,self-made
06_Flat_Editable_Solid/flat_editable_035_up_notch.svg,06_Flat_Editable_Solid,Flat editable arrow 035 up notch,flat_area_arrow,up,扁平块状箭头，便于PPT改色、转形状、切割和二次绘制。,self-made
06_Flat_Editable_Solid/flat_editable_036_up_notch.svg,06_Flat_Editable_Solid,Flat editable arrow 036 up notch,flat_area_arrow,up,扁平块状箭头，便于PPT改色、转形状、切割和二次绘制。,self-made
06_Flat_Editable_Solid/flat_editable_037_up_chevron.svg,06_Flat_Editable_Solid,Flat editable arrow 037 up chevron,flat_area_arrow,up,扁平块状箭头，便于PPT改色、转形状、切割和二次绘制。,self-made
06_Flat_Editable_Solid/flat_editable_038_up_chevron.svg,06_Flat_Editable_Solid,Flat editable arrow 038 up chevron,flat_area_arrow,up,扁平块状箭头，便于PPT改色、转形状、切割和二次绘制。,self-made
06_Flat_Editable_Solid/flat_editable_039_up_chevron.svg,06_Flat_Editable_Solid,Flat editable arrow 039 up chevron,flat_area_arrow,up,扁平块状箭头，便于PPT改色、转形状、切割和二次绘制。,self-made
06_Flat_Editable_Solid/flat_editable_040_up_slant.svg,06_Flat_Editable_Solid,Flat editable arrow 040 up slant,flat_area_arrow,up,扁平块状箭头，便于PPT改色、转形状、切割和二次绘制。,self-made
06_Flat_Editable_Solid/flat_editable_041_up_slant.svg,06_Flat_Editable_Solid,Flat editable arrow 041 up slant,flat_area_arrow,up,扁平块状箭头，便于PPT改色、转形状、切割和二次绘制。,self-made
06_Flat_Editable_Solid/flat_editable_042_up_slant.svg,06_Flat_Editable_Solid,Flat editable arrow 042 up slant,flat_area_arrow,up,扁平块状箭头，便于PPT改色、转形状、切割和二次绘制。,self-made
06_Flat_Editable_Solid/flat_editable_043_up_thin.svg,06_Flat_Editable_Solid,Flat editable arrow 043 up thin,flat_area_arrow,up,扁平块状箭头，便于PPT改色、转形状、切割和二次绘制。,self-made
06_Flat_Editable_Solid/flat_editable_044_up_thin.svg,06_Flat_Editable_Solid,Flat editable arrow 044 up thin,flat_area_arrow,up,扁平块状箭头，便于PPT改色、转形状、切割和二次绘制。,self-made
06_Flat_Editable_Solid/flat_editable_045_up_thin.svg,06_Flat_Editable_Solid,Flat editable arrow 045 up thin,flat_area_arrow,up,扁平块状箭头，便于PPT改色、转形状、切割和二次绘制。,self-made
06_Flat_Editable_Solid/flat_editable_046_down_flat.svg,06_Flat_Editable_Solid,Flat editable arrow 046 down flat,flat_area_arrow,down,扁平块状箭头，便于PPT改色、转形状、切割和二次绘制。,self-made
06_Flat_Editable_Solid/flat_editable_047_down_flat.svg,06_Flat_Editable_Solid,Flat editable arrow 047 down flat,flat_area_arrow,down,扁平块状箭头，便于PPT改色、转形状、切割和二次绘制。,self-made
06_Flat_Editable_Solid/flat_editable_048_down_flat.svg,06_Flat_Editable_Solid,Flat editable arrow 048 down flat,flat_area_arrow,down,扁平块状箭头，便于PPT改色、转形状、切割和二次绘制。,self-made
06_Flat_Editable_Solid/flat_editable_049_down_notch.svg,06_Flat_Editable_Solid,Flat editable arrow 049 down notch,flat_area_arrow,down,扁平块状箭头，便于PPT改色、转形状、切割和二次绘制。,self-made
06_Flat_Editable_Solid/flat_editable_050_down_notch.svg,06_Flat_Editable_Solid,Flat editable arrow 050 down notch,flat_area_arrow,down,扁平块状箭头，便于PPT改色、转形状、切割和二次绘制。,self-made
06_Flat_Editable_Solid/flat_editable_051_down_notch.svg,06_Flat_Editable_Solid,Flat editable arrow 051 down notch,flat_area_arrow,down,扁平块状箭头，便于PPT改色、转形状、切割和二次绘制。,self-made
06_Flat_Editable_Solid/flat_editable_052_down_chevron.svg,06_Flat_Editable_Solid,Flat editable arrow 052 down chevron,flat_area_arrow,down,扁平块状箭头，便于PPT改色、转形状、切割和二次绘制。,self-made
06_Flat_Editable_Solid/flat_editable_053_down_chevron.svg,06_Flat_Editable_Solid,Flat editable arrow 053 down chevron,flat_area_arrow,down,扁平块状箭头，便于PPT改色、转形状、切割和二次绘制。,self-made
06_Flat_Editable_Solid/flat_editable_054_down_chevron.svg,06_Flat_Editable_Solid,Flat editable arrow 054 down chevron,flat_area_arrow,down,扁平块状箭头，便于PPT改色、转形状、切割和二次绘制。,self-made
06_Flat_Editable_Solid/flat_editable_055_down_slant.svg,06_Flat_Editable_Solid,Flat editable arrow 055 down slant,flat_area_arrow,down,扁平块状箭头，便于PPT改色、转形状、切割和二次绘制。,self-made
06_Flat_Editable_Solid/flat_editable_056_down_slant.svg,06_Flat_Editable_Solid,Flat editable arrow 056 down slant,flat_area_arrow,down,扁平块状箭头，便于PPT改色、转形状、切割和二次绘制。,self-made
06_Flat_Editable_Solid/flat_editable_057_down_slant.svg,06_Flat_Editable_Solid,Flat editable arrow 057 down slant,flat_area_arrow,down,扁平块状箭头，便于PPT改色、转形状、切割和二次绘制。,self-made
06_Flat_Editable_Solid/flat_editable_058_down_thin.svg,06_Flat_Editable_Solid,Flat editable arrow 058 down thin,flat_area_arrow,down,扁平块状箭头，便于PPT改色、转形状、切割和二次绘制。,self-made
06_Flat_Editable_Solid/flat_editable_059_down_thin.svg,06_Flat_Editable_Solid,Flat editable arrow 059 down thin,flat_area_arrow,down,扁平块状箭头，便于PPT改色、转形状、切割和二次绘制。,self-made
06_Flat_Editable_Solid/flat_editable_060_down_thin.svg,06_Flat_Editable_Solid,Flat editable arrow 060 down thin,flat_area_arrow,down,扁平块状箭头，便于PPT改色、转形状、切割和二次绘制。,self-made
06_Flat_Editable_Solid/flat_ribbon_061_ribbon_right.svg,06_Flat_Editable_Solid,Flat ribbon arrow 061 ribbon right,flat_ribbon,right,扁平丝带/承托型箭头，可用于PPT结构页并便于改色。,self-made
06_Flat_Editable_Solid/flat_ribbon_062_ribbon_right.svg,06_Flat_Editable_Solid,Flat ribbon arrow 062 ribbon right,flat_ribbon,right,扁平丝带/承托型箭头，可用于PPT结构页并便于改色。,self-made
06_Flat_Editable_Solid/flat_ribbon_063_double_ribbon_right.svg,06_Flat_Editable_Solid,Flat ribbon arrow 063 double_ribbon right,flat_ribbon,right,扁平丝带/承托型箭头，可用于PPT结构页并便于改色。,self-made
06_Flat_Editable_Solid/flat_ribbon_064_double_ribbon_right.svg,06_Flat_Editable_Solid,Flat ribbon arrow 064 double_ribbon right,flat_ribbon,right,扁平丝带/承托型箭头，可用于PPT结构页并便于改色。,self-made
06_Flat_Editable_Solid/flat_ribbon_065_platform_peak_right.svg,06_Flat_Editable_Solid,Flat ribbon arrow 065 platform_peak right,flat_ribbon,right,扁平丝带/承托型箭头，可用于PPT结构页并便于改色。,self-made
06_Flat_Editable_Solid/flat_ribbon_066_platform_peak_right.svg,06_Flat_Editable_Solid,Flat ribbon arrow 066 platform_peak right,flat_ribbon,right,扁平丝带/承托型箭头，可用于PPT结构页并便于改色。,self-made
06_Flat_Editable_Solid/flat_ribbon_067_under_bridge_right.svg,06_Flat_Editable_Solid,Flat ribbon arrow 067 under_bridge right,flat_ribbon,right,扁平丝带/承托型箭头，可用于PPT结构页并便于改色。,self-made
06_Flat_Editable_Solid/flat_ribbon_068_under_bridge_right.svg,06_Flat_Editable_Solid,Flat ribbon arrow 068 under_bridge right,flat_ribbon,right,扁平丝带/承托型箭头，可用于PPT结构页并便于改色。,self-made
06_Flat_Editable_Solid/flat_ribbon_069_split_band_right.svg,06_Flat_Editable_Solid,Flat ribbon arrow 069 split_band right,flat_ribbon,right,扁平丝带/承托型箭头，可用于PPT结构页并便于改色。,self-made
06_Flat_Editable_Solid/flat_ribbon_070_split_band_right.svg,06_Flat_Editable_Solid,Flat ribbon arrow 070 split_band right,flat_ribbon,right,扁平丝带/承托型箭头，可用于PPT结构页并便于改色。,self-made
06_Flat_Editable_Solid/flat_ribbon_071_cap_arrow_right.svg,06_Flat_Editable_Solid,Flat ribbon arrow 071 cap_arrow right,flat_ribbon,right,扁平丝带/承托型箭头，可用于PPT结构页并便于改色。,self-made
06_Flat_Editable_Solid/flat_ribbon_072_cap_arrow_right.svg,06_Flat_Editable_Solid,Flat ribbon arrow 072 cap_arrow right,flat_ribbon,right,扁平丝带/承托型箭头，可用于PPT结构页并便于改色。,self-made
06_Flat_Editable_Solid/flat_ribbon_073_ribbon_left.svg,06_Flat_Editable_Solid,Flat ribbon arrow 073 ribbon left,flat_ribbon,left,扁平丝带/承托型箭头，可用于PPT结构页并便于改色。,self-made
06_Flat_Editable_Solid/flat_ribbon_074_ribbon_left.svg,06_Flat_Editable_Solid,Flat ribbon arrow 074 ribbon left,flat_ribbon,left,扁平丝带/承托型箭头，可用于PPT结构页并便于改色。,self-made
06_Flat_Editable_Solid/flat_ribbon_075_double_ribbon_left.svg,06_Flat_Editable_Solid,Flat ribbon arrow 075 double_ribbon left,flat_ribbon,left,扁平丝带/承托型箭头，可用于PPT结构页并便于改色。,self-made
06_Flat_Editable_Solid/flat_ribbon_076_double_ribbon_left.svg,06_Flat_Editable_Solid,Flat ribbon arrow 076 double_ribbon left,flat_ribbon,left,扁平丝带/承托型箭头，可用于PPT结构页并便于改色。,self-made
06_Flat_Editable_Solid/flat_ribbon_077_platform_peak_left.svg,06_Flat_Editable_Solid,Flat ribbon arrow 077 platform_peak left,flat_ribbon,left,扁平丝带/承托型箭头，可用于PPT结构页并便于改色。,self-made
06_Flat_Editable_Solid/flat_ribbon_078_platform_peak_left.svg,06_Flat_Editable_Solid,Flat ribbon arrow 078 platform_peak left,flat_ribbon,left,扁平丝带/承托型箭头，可用于PPT结构页并便于改色。,self-made
06_Flat_Editable_Solid/flat_ribbon_079_under_bridge_left.svg,06_Flat_Editable_Solid,Flat ribbon arrow 079 under_bridge left,flat_ribbon,left,扁平丝带/承托型箭头，可用于PPT结构页并便于改色。,self-made
06_Flat_Editable_Solid/flat_ribbon_080_under_bridge_left.svg,06_Flat_Editable_Solid,Flat ribbon arrow 080 under_bridge left,flat_ribbon,left,扁平丝带/承托型箭头，可用于PPT结构页并便于改色。,self-made
06_Flat_Editable_Solid/flat_ribbon_081_split_band_left.svg,06_Flat_Editable_Solid,Flat ribbon arrow 081 split_band left,flat_ribbon,left,扁平丝带/承托型箭头，可用于PPT结构页并便于改色。,self-made
06_Flat_Editable_Solid/flat_ribbon_082_split_band_left.svg,06_Flat_Editable_Solid,Flat ribbon arrow 082 split_band left,flat_ribbon,left,扁平丝带/承托型箭头，可用于PPT结构页并便于改色。,self-made
06_Flat_Editable_Solid/flat_ribbon_083_cap_arrow_left.svg,06_Flat_Editable_Solid,Flat ribbon arrow 083 cap_arrow left,flat_ribbon,left,扁平丝带/承托型箭头，可用于PPT结构页并便于改色。,self-made
06_Flat_Editable_Solid/flat_ribbon_084_cap_arrow_left.svg,06_Flat_Editable_Solid,Flat ribbon arrow 084 cap_arrow left,flat_ribbon,left,扁平丝带/承托型箭头，可用于PPT结构页并便于改色。,self-made
